{
 "config": {
  "input": "/Users/donga2/dp-splat-data/h3d/Epoch_March2018/LiDAR/Mar18_val.laz",
  "name": "full_val",
  "out_dir": "/Users/donga2/Library/Mobile Documents/com~apple~CloudDocs/DP_Splat/dp-splat-uav/experiments/out",
  "subsample": null,
  "seed": 0,
  "target_tile_points": 4000000.0,
  "halo": 5.0,
  "alpha": 1.0,
  "truncation": 64,
  "max_iters": 200,
  "tol": 1e-06,
  "svi_threshold": 2000000.0,
  "svi_batch": 65536,
  "svi_epochs": 3.0,
  "svi_eval_every": 25,
  "svi_eval_points": 100000,
  "n_min": 1.0,
  "match_margin": null,
  "chunk": 262144
 },
 "name": "full_val",
 "n_points": 14464248,
 "extras_fields": [
  "classification"
 ],
 "rgb_range": [
  0.0,
  0.9961089494163424
 ],
 "origin": [
  513975.718036095,
  5426891.447940926,
  233.42460668373155
 ],
 "grid": {
  "shape": [
   3,
   2
  ],
  "n_tiles": 6,
  "halo": 5.0,
  "bbox_lo": [
   -67.6260407770169,
   -49.782932337373495
  ],
  "bbox_hi": [
   102.75394882983528,
   54.939052478410304
  ]
 },
 "alpha_t": [
  0.2175325499120314,
  0.250265845137611,
  0.2036220099378827,
  0.22760085764569302,
  0.06982056723584938,
  0.03115817013093249
 ],
 "tiles": [
  {
   "tile": 0,
   "grid_index": [
    0,
    0
   ],
   "n_points": 3694072,
   "weighted_points": 3146444.75,
   "alpha_t": 0.2175325499120314,
   "seconds": 15.360299457795918,
   "khat_count": 7,
   "khat_entropy": 6.247674026344404,
   "elbo_trace": [
    -19149580.05931854
   ],
   "elbo_tail": [
    -19149580.05931854
   ],
   "elbo_dips": 0,
   "path": "svi",
   "steps": 170,
   "batch": 65536,
   "elbo_sub_trace": [
    -568694.1999194568,
    -546886.9941144325,
    -541657.7178241882,
    -538709.1527201692,
    -536044.3112640653,
    -532772.6117659323,
    -529740.032854149
   ],
   "elbo_full_final": -19149580.05931854
  },
  {
   "tile": 1,
   "grid_index": [
    1,
    0
   ],
   "n_points": 4623579,
   "weighted_points": 3619907.25,
   "alpha_t": 0.250265845137611,
   "seconds": 15.350011875387281,
   "khat_count": 10,
   "khat_entropy": 5.890932301311363,
   "elbo_trace": [
    -18136924.020740315
   ],
   "elbo_tail": [
    -18136924.020740315
   ],
   "elbo_dips": 0,
   "path": "svi",
   "steps": 212,
   "batch": 65536,
   "elbo_sub_trace": [
    -470863.51364558697,
    -452498.74017514195,
    -440396.3499753719,
    -431220.2542922247,
    -424523.3076526221,
    -420219.43214332056,
    -418210.8059968713,
    -418239.25470076915,
    -418904.3394275004
   ],
   "elbo_full_final": -18136924.020740315
  },
  {
   "tile": 2,
   "grid_index": [
    0,
    1
   ],
   "n_points": 3525935,
   "weighted_points": 2945239.25,
   "alpha_t": 0.2036220099378827,
   "seconds": 11.894178250338882,
   "khat_count": 7,
   "khat_entropy": 4.679092804436336,
   "elbo_trace": [
    -18879971.8299948
   ],
   "elbo_tail": [
    -18879971.8299948
   ],
   "elbo_dips": 0,
   "path": "svi",
   "steps": 162,
   "batch": 65536,
   "elbo_sub_trace": [
    -583885.4335797683,
    -566985.7899109499,
    -557397.6368984925,
    -551456.2689481484,
    -547517.219445385,
    -544423.685254762,
    -542787.4286731818
   ],
   "elbo_full_final": -18879971.8299948
  },
  {
   "tile": 3,
   "grid_index": [
    1,
    1
   ],
   "n_points": 4282298,
   "weighted_points": 3292075.25,
   "alpha_t": 0.22760085764569302,
   "seconds": 14.658030958846211,
   "khat_count": 8,
   "khat_entropy": 6.115008015765275,
   "elbo_trace": [
    -17290366.538559727
   ],
   "elbo_tail": [
    -17290366.538559727
   ],
   "elbo_dips": 0,
   "path": "svi",
   "steps": 197,
   "batch": 65536,
   "elbo_sub_trace": [
    -434606.552222661,
    -437641.408904443,
    -443640.91492585966,
    -447829.91330108896,
    -450248.7092511411,
    -451599.7002566551,
    -452311.5574855314,
    -452670.1047418761
   ],
   "elbo_full_final": -17290366.538559727
  },
  {
   "tile": 4,
   "grid_index": [
    2,
    0
   ],
   "n_points": 1391424,
   "weighted_points": 1009902.0,
   "alpha_t": 0.06982056723584938,
   "seconds": 45.341641957871616,
   "khat_count": 6,
   "khat_entropy": 4.311533465559801,
   "elbo_trace": [
    -6951648.308039417,
    -6439571.641815679,
    -6054088.4785051895,
    -5817349.4275482595,
    -5711757.922710837,
    -5628269.280034316,
    -5514867.528524327,
    -5356417.28954941,
    -5250253.444814545,
    -5180615.837465203,
    -5072749.314967724,
    -4952425.742705942,
    -4838342.417649876,
    -4731085.9043387575,
    -4659762.589397606,
    -4615677.544861416,
    -4551053.69710257,
    -4482616.349940891,
    -4468862.400307576,
    -4467207.677553384,
    -4466739.956012192,
    -4466509.160058075,
    -4466367.022041519,
    -4466269.022838674,
    -4466197.293993891,
    -4466143.278018154,
    -4466102.196096989,
    -4466070.970067359,
    -4466047.362783124,
    -4466029.625606426,
    -4466016.365727734,
    -4466006.487266956,
    -4465999.144438481,
    -4465993.694412551,
    -4465989.653384952
   ],
   "elbo_tail": [
    -4466016.365727734,
    -4466006.487266956,
    -4465999.144438481,
    -4465993.694412551,
    -4465989.653384952
   ],
   "elbo_dips": 0,
   "path": "cavi",
   "iters": 35
  },
  {
   "tile": 5,
   "grid_index": [
    2,
    1
   ],
   "n_points": 785684,
   "weighted_points": 450679.5,
   "alpha_t": 0.03115817013093249,
   "seconds": 12.627000916749239,
   "khat_count": 2,
   "khat_entropy": 1.974726114297724,
   "elbo_trace": [
    -3156346.0246982593,
    -2847388.621674754,
    -2800509.237757904,
    -2767857.7635143027,
    -2730530.972902229,
    -2716520.1579070985,
    -2701834.063227453,
    -2663497.7507929215,
    -2599928.147511966,
    -2555861.1728002266,
    -2543126.7188315843,
    -2541599.837355919,
    -2541381.019608183,
    -2541337.4765298706,
    -2541327.1671105186,
    -2541326.2051904756
   ],
   "elbo_tail": [
    -2541599.837355919,
    -2541381.019608183,
    -2541337.4765298706,
    -2541327.1671105186,
    -2541326.2051904756
   ],
   "elbo_dips": 0,
   "path": "cavi",
   "iters": 16
  }
 ],
 "matches": [
  {
   "tiles": [
    0,
    1
   ],
   "candidates": 0,
   "accepted": 0,
   "pairs": []
  },
  {
   "tiles": [
    0,
    2
   ],
   "candidates": 0,
   "accepted": 0,
   "pairs": []
  },
  {
   "tiles": [
    0,
    3
   ],
   "candidates": 0,
   "accepted": 0,
   "pairs": []
  },
  {
   "tiles": [
    1,
    2
   ],
   "candidates": 0,
   "accepted": 0,
   "pairs": []
  },
  {
   "tiles": [
    1,
    3
   ],
   "candidates": 2,
   "accepted": 0,
   "pairs": []
  },
  {
   "tiles": [
    1,
    4
   ],
   "candidates": 12,
   "accepted": 0,
   "pairs": []
  },
  {
   "tiles": [
    1,
    5
   ],
   "candidates": 0,
   "accepted": 0,
   "pairs": []
  },
  {
   "tiles": [
    2,
    3
   ],
   "candidates": 1,
   "accepted": 1,
   "pairs": [
    [
     2,
     5
    ]
   ]
  },
  {
   "tiles": [
    3,
    4
   ],
   "candidates": 0,
   "accepted": 0,
   "pairs": []
  },
  {
   "tiles": [
    3,
    5
   ],
   "candidates": 3,
   "accepted": 0,
   "pairs": []
  },
  {
   "tiles": [
    4,
    5
   ],
   "candidates": 0,
   "accepted": 0,
   "pairs": []
  }
 ],
 "merge": {
  "accepted_pairs": 1,
  "merge_sets": 1,
  "set_sizes": [
   2
  ],
  "khat_pre": 40,
  "khat_post": 39,
  "khat_entropy_global": 27.093240607944956,
  "match_seconds": 1.123167207930237
 },
 "seconds_total": 119.58859570790082,
 "load_seconds": 0.7221574997529387,
 "versions": {
  "jax": "0.10.2",
  "numpy": "2.5.1"
 }
}