{
 "name": "geoacc_mar18",
 "record": "mar18_rich",
 "config": {
  "record": "experiments/out/mar18_rich_record.json",
  "model": "experiments/out/mar18_rich_model.npz",
  "input": "/Users/donga2/dp-splat-data/h3d/Epoch_March2018/LiDAR/Mar18_train.laz",
  "mesh_dir": "/Users/donga2/dp-splat-data/h3d/Epoch_March2018/Mesh/per-tile",
  "splits": "train",
  "variant": "labeled",
  "n_model": 200000,
  "n_ref": 200000,
  "n_dense": 500000,
  "seed": 3,
  "chunk": 131072,
  "k0": 32,
  "domain_cell": 1.0,
  "domain_min_count": 5,
  "no_domain_mask": false,
  "min_frame_overlap": 0.5,
  "no_baselines": false,
  "name": "geoacc_mar18"
 },
 "rng_streams": {
  "stitched": 0,
  "crop": 1,
  "voronoi": 2,
  "mesh_surface": 3,
  "dense_stitched": 4,
  "dense_crop": 5,
  "dense_voronoi": 6
 },
 "machinery": {
  "n_pairs": 880,
  "k_global": 841,
  "stitched_acceptance_rate": 0.8826566666666666
 },
 "frame": {
  "origin": [
   513954.7824455506,
   5426957.725331745,
   237.2519789198553
  ],
  "mesh_bbox_xy": [
   [
    -131.24974555062363,
    -220.15503174532205
   ],
   [
    123.95955444942228,
    248.69416825473309
   ]
  ],
  "grid_bbox_xy": [
   [
    -105.17244501429377,
    -219.32033277954906
   ],
   [
    123.72855613019783,
    247.87867236044258
   ]
  ],
  "mesh_z_range": [
   -13.292678919855291,
   43.43312108014467
  ],
  "overlap_fraction_of_grid": 1.0
 },
 "mesh": {
  "mesh_dir": "/Users/donga2/dp-splat-data/h3d/Epoch_March2018/Mesh/per-tile",
  "splits": [
   "train"
  ],
  "variant": "labeled",
  "n_tiles": 43,
  "n_vertices": 7095091,
  "n_faces_raw": 9236637,
  "n_duplicate_faces_dropped": 255659,
  "n_faces": 8980978,
  "total_area_m2": 132621.59242380565,
  "per_tile": [
   {
    "split": "train",
    "tile": "51382_542673_20",
    "n_vertices": 339387,
    "n_faces": 459731,
    "xy_lo": [
     513823.5953,
     5426737.5703
    ],
    "xy_hi": [
     513876.458,
     5426790.3639
    ],
    "z_range": [
     241.4482,
     258.3932
    ]
   },
   {
    "split": "train",
    "tile": "51382_542673_25",
    "n_vertices": 24439,
    "n_faces": 33832,
    "xy_lo": [
     513823.7205,
     5426742.1809
    ],
    "xy_hi": [
     513876.3421,
     5426790.2869
    ],
    "z_range": [
     257.5931,
     262.2455
    ]
   },
   {
    "split": "train",
    "tile": "51382_542679_20",
    "n_vertices": 240746,
    "n_faces": 346249,
    "xy_lo": [
     513823.6382,
     5426789.5384
    ],
    "xy_hi": [
     513876.3556,
     5426842.3574
    ],
    "z_range": [
     247.1475,
     258.3401
    ]
   },
   {
    "split": "train",
    "tile": "51382_542679_25",
    "n_vertices": 13916,
    "n_faces": 18689,
    "xy_lo": [
     513823.605,
     5426789.4083
    ],
    "xy_hi": [
     513870.2145,
     5426826.5883
    ],
    "z_range": [
     257.66,
     266.0347
    ]
   },
   {
    "split": "train",
    "tile": "51382_542694_20",
    "n_vertices": 291002,
    "n_faces": 337533,
    "xy_lo": [
     513823.6132,
     5426945.6224
    ],
    "xy_hi": [
     513876.3873,
     5426998.404
    ],
    "z_range": [
     251.8516,
     258.5059
    ]
   },
   {
    "split": "train",
    "tile": "51382_542694_25",
    "n_vertices": 135970,
    "n_faces": 172403,
    "xy_lo": [
     513823.6633,
     5426945.6826
    ],
    "xy_hi": [
     513876.3582,
     5426998.3493
    ],
    "z_range": [
     257.5878,
     265.327
    ]
   },
   {
    "split": "train",
    "tile": "51382_542699_20",
    "n_vertices": 168777,
    "n_faces": 223384,
    "xy_lo": [
     513823.6379,
     5426997.5591
    ],
    "xy_hi": [
     513876.3442,
     5427050.3852
    ],
    "z_range": [
     253.3581,
     258.4386
    ]
   },
   {
    "split": "train",
    "tile": "51382_542699_25",
    "n_vertices": 112006,
    "n_faces": 148773,
    "xy_lo": [
     513823.5426,
     5426997.6341
    ],
    "xy_hi": [
     513876.3887,
     5427050.4268
    ],
    "z_range": [
     257.5487,
     264.7944
    ]
   },
   {
    "split": "train",
    "tile": "51382_542715_25",
    "n_vertices": 524998,
    "n_faces": 376000,
    "xy_lo": [
     513823.5327,
     5427153.5266
    ],
    "xy_hi": [
     513876.4132,
     5427206.4195
    ],
    "z_range": [
     262.5539,
     280.6851
    ]
   },
   {
    "split": "train",
    "tile": "51387_542673_20",
    "n_vertices": 465474,
    "n_faces": 598096,
    "xy_lo": [
     513875.573,
     5426737.6677
    ],
    "xy_hi": [
     513928.3867,
     5426790.4174
    ],
    "z_range": [
     230.3402,
     258.3534
    ]
   },
   {
    "split": "train",
    "tile": "51387_542673_25",
    "n_vertices": 16999,
    "n_faces": 25157,
    "xy_lo": [
     513875.6722,
     5426757.8103
    ],
    "xy_hi": [
     513897.066,
     5426773.871
    ],
    "z_range": [
     257.6646,
     274.0708
    ]
   },
   {
    "split": "train",
    "tile": "51387_542679_20",
    "n_vertices": 419340,
    "n_faces": 536677,
    "xy_lo": [
     513875.6408,
     5426789.6488
    ],
    "xy_hi": [
     513928.3699,
     5426842.3283
    ],
    "z_range": [
     231.0949,
     257.7603
    ]
   },
   {
    "split": "train",
    "tile": "51387_542694_20",
    "n_vertices": 244312,
    "n_faces": 314479,
    "xy_lo": [
     513875.5649,
     5426945.6402
    ],
    "xy_hi": [
     513928.4145,
     5426998.4184
    ],
    "z_range": [
     232.5067,
     258.3566
    ]
   },
   {
    "split": "train",
    "tile": "51387_542694_25",
    "n_vertices": 15457,
    "n_faces": 19708,
    "xy_lo": [
     513875.7462,
     5426971.2956
    ],
    "xy_hi": [
     513886.2767,
     5426996.1927
    ],
    "z_range": [
     257.6205,
     263.5442
    ]
   },
   {
    "split": "train",
    "tile": "51387_542699_20",
    "n_vertices": 212012,
    "n_faces": 290964,
    "xy_lo": [
     513875.6443,
     5426997.5979
    ],
    "xy_hi": [
     513928.3429,
     5427050.3585
    ],
    "z_range": [
     232.8966,
     258.3494
    ]
   },
   {
    "split": "train",
    "tile": "51387_542699_25",
    "n_vertices": 9111,
    "n_faces": 12014,
    "xy_lo": [
     513875.5754,
     5426998.5447
    ],
    "xy_hi": [
     513883.7448,
     5427050.3349
    ],
    "z_range": [
     257.5565,
     260.2832
    ]
   },
   {
    "split": "train",
    "tile": "51387_542705_20",
    "n_vertices": 209908,
    "n_faces": 285655,
    "xy_lo": [
     513875.5499,
     5427049.6362
    ],
    "xy_hi": [
     513928.3521,
     5427102.347
    ],
    "z_range": [
     233.3085,
     258.3578
    ]
   },
   {
    "split": "train",
    "tile": "51387_542705_25",
    "n_vertices": 28183,
    "n_faces": 32791,
    "xy_lo": [
     513875.6164,
     5427049.7017
    ],
    "xy_hi": [
     513894.1169,
     5427102.3862
    ],
    "z_range": [
     257.5647,
     260.8332
    ]
   },
   {
    "split": "train",
    "tile": "51387_542710_20",
    "n_vertices": 175728,
    "n_faces": 235881,
    "xy_lo": [
     513890.0994,
     5427101.6106
    ],
    "xy_hi": [
     513928.3549,
     5427154.3176
    ],
    "z_range": [
     233.7437,
     258.3495
    ]
   },
   {
    "split": "train",
    "tile": "51387_542710_25",
    "n_vertices": 61123,
    "n_faces": 84440,
    "xy_lo": [
     513875.6097,
     5427101.5212
    ],
    "xy_hi": [
     513893.7622,
     5427154.3362
    ],
    "z_range": [
     257.6198,
     265.5789
    ]
   },
   {
    "split": "train",
    "tile": "51387_542715_20",
    "n_vertices": 137662,
    "n_faces": 200783,
    "xy_lo": [
     513891.2656,
     5427153.6148
    ],
    "xy_hi": [
     513928.361,
     5427206.3675
    ],
    "z_range": [
     235.373,
     258.404
    ]
   },
   {
    "split": "train",
    "tile": "51387_542715_25",
    "n_vertices": 94246,
    "n_faces": 108812,
    "xy_lo": [
     513875.5422,
     5427153.6891
    ],
    "xy_hi": [
     513898.6302,
     5427206.3526
    ],
    "z_range": [
     257.5855,
     266.0135
    ]
   },
   {
    "split": "train",
    "tile": "51392_542673_20",
    "n_vertices": 367778,
    "n_faces": 479656,