{
 "config": {
  "input": "/Users/donga2/dp-splat-data/h3d/Epoch_March2019/LiDAR/Mar19_train.laz",
  "name": "mar19_ho",
  "out_dir": "/Users/donga2/Library/Mobile Documents/com~apple~CloudDocs/DP_Splat/dp-splat-uav/experiments/out",
  "subsample": 107000000,
  "seed": 0,
  "target_tile_points": 10000000.0,
  "halo": 5.0,
  "alpha": 1.0,
  "truncation": 64,
  "max_iters": 200,
  "tol": 1e-06,
  "svi_threshold": 2000000.0,
  "svi_batch": 65536,
  "svi_epochs": 3.0,
  "svi_eval_every": 25,
  "svi_eval_points": 100000,
  "n_min": 1.0,
  "min_tile_points": 1000,
  "match_margin": null,
  "chunk": 262144
 },
 "name": "mar19_ho",
 "n_points": 107000000,
 "extras_fields": [
  "classification"
 ],
 "rgb_range": [
  0.0,
  0.9961089494163424
 ],
 "origin": [
  513884.7225396636,
  5426944.081699712,
  246.7401044876536
 ],
 "grid": {
  "shape": [
   2,
   6
  ],
  "n_tiles": 12,
  "halo": 5.0,
  "bbox_lo": [
   -117.3205468163942,
   -457.5036968085915
  ],
  "bbox_hi": [
   195.77947447437327,
   325.68532903678715
  ]
 },
 "alpha_t": [
  0.05481414018691589,
  0.0,
  0.10987040654205607,
  0.012134144859813085,
  0.17938008411214953,
  0.10042322429906542,
  0.09600595560747664,
  0.036474567757009344,
  0.05643223130841121,
  0.07473754439252336,
  0.18881460280373832,
  0.09091309813084113
 ],
 "tiles": [
  {
   "tile": 0,
   "grid_index": [
    0,
    0
   ],
   "n_points": 6165348,
   "weighted_points": 5865113.0,
   "alpha_t": 0.05481414018691589,
   "seconds": 22.052520082797855,
   "khat_count": 4,
   "khat_entropy": 3.0832326852741003,
   "elbo_trace": [
    -52875005.83766801
   ],
   "elbo_tail": [
    -52875005.83766801
   ],
   "elbo_dips": 0,
   "path": "svi",
   "steps": 283,
   "batch": 65536,
   "elbo_sub_trace": [
    -885596.6894689994,
    -881882.4785221575,
    -879580.9042917066,
    -877260.1062710626,
    -875100.809206153,
    -873057.0243703884,
    -871092.2742330811,
    -869307.3996233186,
    -867743.7656373082,
    -866422.9620307223,
    -865299.7949323152,
    -864970.1303538261
   ],
   "elbo_full_final": -52875005.83766801
  },
  {
   "tile": 1,
   "grid_index": [
    1,
    0
   ],
   "n_points": 0,
   "weighted_points": 0.0,
   "alpha_t": 0.0,
   "seconds": 0.0,
   "khat_count": 0,
   "khat_entropy": 0.0,
   "elbo_trace": [],
   "elbo_tail": [],
   "elbo_dips": 0,
   "path": "skipped"
  },
  {
   "tile": 2,
   "grid_index": [
    0,
    1
   ],
   "n_points": 13220266,
   "weighted_points": 11756133.5,
   "alpha_t": 0.10987040654205607,
   "seconds": 41.33373612491414,
   "khat_count": 6,
   "khat_entropy": 5.706500769279108,
   "elbo_trace": [
    -101657945.90387368
   ],
   "elbo_tail": [
    -101657945.90387368
   ],
   "elbo_dips": 0,
   "path": "svi",
   "steps": 606,
   "batch": 65536,
   "elbo_sub_trace": [
    -805390.3255858402,
    -795625.4307021672,
    -792095.3447221125,
    -790308.3779894508,
    -789184.7842764435,
    -788354.1727640989,
    -787668.6961468271,
    -787052.5553052905,
    -786462.1229758613,
    -785880.3383152165,
    -785301.9388721674,
    -784737.9994285266,
    -784198.4061661095,
    -783689.909065017,
    -783217.0289283246,
    -782785.9981707211,
    -782396.5969912873,
    -782045.3095173689,
    -781732.01400064,
    -781456.7268470963,
    -781209.8006667679,
    -780992.3420897812,
    -780797.9675742191,
    -780624.1830391625,
    -780584.0838195736
   ],
   "elbo_full_final": -101657945.90387368
  },
  {
   "tile": 3,
   "grid_index": [
    1,
    1
   ],
   "n_points": 2051659,
   "weighted_points": 1298353.5,
   "alpha_t": 0.012134144859813085,
   "seconds": 6.987427457701415,
   "khat_count": 1,
   "khat_entropy": 1.0000001827482876,
   "elbo_trace": [
    -10480798.055453777
   ],
   "elbo_tail": [
    -10480798.055453777
   ],
   "elbo_dips": 0,
   "path": "svi",
   "steps": 94,
   "batch": 65536,
   "elbo_sub_trace": [
    -511140.35581840464,
    -511110.9855945031,
    -511110.663558712,
    -511111.1657881052
   ],
   "elbo_full_final": -10480798.055453777
  },
  {
   "tile": 4,
   "grid_index": [
    0,
    2
   ],
   "n_points": 20641313,
   "weighted_points": 19193669.0,
   "alpha_t": 0.17938008411214953,
   "seconds": 65.58812491688877,
   "khat_count": 9,
   "khat_entropy": 7.778774792572589,
   "elbo_trace": [
    -160122036.21800888
   ],
   "elbo_tail": [
    -160122036.21800888
   ],
   "elbo_dips": 0,
   "path": "svi",
   "steps": 945,
   "batch": 65536,
   "elbo_sub_trace": [
    -884142.212860196,
    -914979.5024078963,
    -932202.3852714803,
    -944738.5224275797,
    -955383.4614599971,
    -965202.5283879612,
    -972930.5261545854,
    -980264.3213698129,
    -986056.0303655948,
    -990857.317487204,
    -994077.610549129,
    -996958.2513318119,
    -998945.3458862464,
    -1000820.6011233159,
    -1002422.6174806182,
    -1003406.9373370406,
    -1004160.860520913,
    -1005204.4438556127,
    -1005946.9538435865,
    -1006683.5906777258,
    -1007700.179658062,
    -1008426.3105787152,
    -1009261.3625054588,
    -1010103.5716118837,
    -1010625.399136101,
    -1011516.238015048,
    -1012147.7642027062,
    -1012850.7094193622,
    -1013426.2826854278,
    -1014050.0029344448,
    -1014647.4811169698,
    -1014970.9747940382,
    -1015548.982597365,
    -1016052.249462181,
    -1016608.129408921,
    -1016969.8303023097,
    -1017360.8515495985,
    -1017769.7406696443
   ],
   "elbo_full_final": -160122036.21800888
  },
  {
   "tile": 5,
   "grid_index": [
    1,
    2
   ],
   "n_points": 11782337,
   "weighted_points": 10745285.0,
   "alpha_t": 0.10042322429906542,
   "seconds": 37.60521024977788,
   "khat_count": 5,
   "khat_entropy": 3.715677993043096,
   "elbo_trace": [
    -94891694.69199868
   ],
   "elbo_tail": [
    -94891694.69199868
   ],
   "elbo_dips": 0,
   "path": "svi",
   "steps": 540,
   "batch": 65536,
   "elbo_sub_trace": [
    -1077318.0310453647,
    -1206108.3972470379,
    -1263561.5697916173,
    -1291466.133692301,
    -1308697.1341095895,
    -1319362.4877108256,
    -1325991.3965290936,
    -1329567.5414540633,
    -1332310.5561800671,
    -1334466.9430131954,
    -1335705.6546159256,
    -1336862.2253613737,
    -1338550.1627667153,
    -1338927.1217714287,
    -1339616.6619558835,
    -1340477.3842483163,
    -1340977.9104116496,
    -1341918.1914857307,
    -1343258.7578368464,
    -1343929.0252768018,
    -1344412.8826665524,
    -1344905.2230018615
   ],
   "elbo_full_final": -94891694.69199868
  },
  {
   "tile": 6,
   "grid_index": [
    0,
    3
   ],
   "n_points": 11206131,
   "weighted_points": 10272637.25,
   "alpha_t": 0.09600595560747664,
   "seconds": 35.73439033329487,
   "khat_count": 7,
   "khat_entropy": 4.842150284483286,
   "elbo_trace": [
    -74302054.43764137
   ],
   "elbo_tail": [
    -74302054.43764137
   ],
   "elbo_dips": 0,
   "path": "svi",
   "steps": 513,
   "batch": 65536,
   "elbo_sub_trace": [
    -820814.3516216364,
    -854017.5523341988,
    -865466.9808120048,
    -869288.7065850317,
    -870537.9024132179,
    -872314.8799150046,
    -873363.2728253521,
    -874451.8602481273,
    -875800.476200245,
    -877189.0742032303,
    -878698.943390265,
    -880769.8717957695,
    -882999.5303606305,
    -885512.5086615559,
    -888589.0171061555,
    -891711.7617370733,
    -895121.06176806,
    -898273.0021432636,
    -901414.0759488593,
    -904604.4562790521,
    -905930.3079723148
   ],
   "elbo_full_final": -74302054.43764137
  },
  {
   "tile": 7,
   "grid_index": [
    1,
    3
   ],
   "n_points": 4460620,
   "weighted_points": 3902778.75,
   "alpha_t": 0.036474567757009344,
   "seconds": 14.702038958203048,
   "khat_count": 2,
   "khat_entropy": 1.5232152560309729,
   "elbo_trace": [
    -33883459.71627823
   ],
   "elbo_tail": [
    -33883459.71627823
   ],
   "elbo_dips": 0,
   "path": "svi",
   "steps": 205,
   "batch": 65536,