{
 "name": "mar18_rich",
 "config": {
  "record": "experiments/out/mar18_rich_record.json",
  "model": "experiments/out/mar18_rich_model.npz",
  "input": "/Users/donga2/dp-splat-data/h3d/Epoch_March2018/LiDAR/Mar18_train.laz",
  "samples": 200000,
  "seed": 3,
  "chunk": 131072
 },
 "n_samples": 200000,
 "n_pairs": 880,
 "acceptance_rate": 0.8826566666666666,
 "samples_per_tile": {
  "0": 54332,
  "1": 32468,
  "2": 17935,
  "3": 22686,
  "4": 36076,
  "5": 36503
 },
 "plane_fallback_fraction": 0.0,
 "error_summary": {
  "mean": 0.4225122950472013,
  "median": 0.18072534567139809,
  "p95": 1.566206219360862
 },
 "nn_dist_summary": {
  "median": 0.20578205465507332,
  "p95": 1.7900403441034973
 },
 "fractions": [
  0.0,
  0.02,
  0.04,
  0.06,
  0.08,
  0.1,
  0.12,
  0.14,
  0.16,
  0.18,
  0.2,
  0.22,
  0.24,
  0.26,
  0.28,
  0.3,
  0.32,
  0.34,
  0.36,
  0.38,
  0.4,
  0.42,
  0.44,
  0.46,
  0.48,
  0.5,
  0.52,
  0.54,
  0.56,
  0.58,
  0.6,
  0.62,
  0.64,
  0.66,
  0.68,
  0.7000000000000001,
  0.72,
  0.74,
  0.76,
  0.78,
  0.8,
  0.8200000000000001,
  0.84,
  0.86,
  0.88,
  0.9,
  0.92,
  0.9400000000000001,
  0.96,
  0.98
 ],
 "u_variants": {
  "sqrt_mean_marginal_var": {
   "global_": {
    "ause": 0.7858760199231675,
    "aurg": -0.047691453511245756,
    "curve_u": [
     0.9999999999999858,
     0.9760706723625285,
     0.9635614420961599,
     0.9682863201796312,
     0.9774960239139651,
     0.9794412078534496,
     0.9816223978560681,
     0.9729070305015387,
     0.9829850277298533,
     1.000344204950498,
     1.000193551824349,
     1.0036137301823906,
     1.0185904879829812,
     1.0326493351893848,
     1.0382424448615055,
     1.0474502018802492,
     1.0490791458274527,
     1.0434640011655032,
     1.0528641173582811,
     1.0584622601755065,
     1.059495451958834,
     1.059480372757894,
     1.0619485862715357,
     1.0446875176354415,
     1.051923810121321,
     1.0607954069383467,
     1.0551643487519313,
     1.064157505378657,
     1.068693884631307,
     1.0853413342032794,
     1.0801170940091975,
     1.0783521990595604,
     1.0882745499826219,
     1.0844917803226797,
     1.0840163923910007,
     1.0863675322373738,
     1.0876789558407942,
     1.0653792921246326,
     1.0569031187633187,
     1.0482461766282745,
     1.0618131171543104,
     1.0663540712130808,
     1.0634628689966397,
     1.0384240188181375,
     1.0413294975243195,
     1.065926931093566,
     1.1154034292115442,
     1.1387756546212078,
     1.1021522029690818,
     1.0463899185007208
    ],
    "curve_oracle": [
     0.9999999999999944,
     0.7786370011980435,
     0.6898141387587002,
     0.625203211138712,
     0.5743527079989741,
     0.5324255076953789,
     0.4967808377749716,
     0.4658057245422905,
     0.4383552807119966,
     0.41363391048272424,
     0.39125718712904045,
     0.37084818667479136,
     0.35201717454427545,
     0.33456279906650943,
     0.3182856124060392,
     0.30299392714260787,
     0.28852462017459746,
     0.27483201831969695,
     0.2618554426337861,
     0.2495087644226869,
     0.23769538733847445,
     0.22632202352600667,
     0.2153574655746338,
     0.20479477250957442,
     0.19458288151190525,
     0.18470941939315577,
     0.17513191931854497,
     0.16583285213110152,
     0.1567630512859208,
     0.14794245082632831,
     0.13932517961250915,
     0.13091418105153896,
     0.12271837185254164,
     0.11470295009510997,
     0.10685886948390302,
     0.09918456232484435,
     0.09166941091135898,
     0.08432959545868646,
     0.07712875763221919,
     0.07007760607791602,
     0.06316851266877192,
     0.056370543997201865,
     0.04973245215587267,
     0.04318466137303189,
     0.03670791914322177,
     0.03032663350288025,
     0.024071926843396586,
     0.017875927235826285,
     0.01177603317144462,
     0.005848595538834976
    ],
    "curve_random": [
     0.9999999999999922,
     1.0001762111158492,
     1.0002736039779268,
     1.0001644482173666,
     0.9998493351042824,
     1.00013351436173,
     1.0000502047265267,
     0.9992050386257072,
     0.9996462429344849,
     0.9994105154611332,
     0.9990149174099382,
     0.9991752103227521,
     0.9989606475829331,
     0.9980705587677013,
     0.9980171460019547,
     0.9972961282271076,
     0.9967870396624957,
     0.9965389486648044,
     0.9972162332433173,
     0.9977694477492974,
     0.9963966087978753,
     0.9965811753146977,
     0.9956970386785531,
     0.9952822394423961,
     0.995396388172668,
     0.9948201972141817,
     0.9953048670574354,
     0.9945841170927383,
     0.9947212947218714,
     0.9942199037713123,
     0.9937230581310487,
     0.9936321975454453,
     0.9929917045525886,
     0.9937906548161133,
     0.9942203687363467,
     0.9948484326230729,
     0.994015350009075,
     0.9951041645780174,
     1.0003874559328674,
     0.9979115340633218,
     0.9953211566604392,
     0.9948894916466543,
     0.9965195893591827,
     0.9993163606565254,
     0.9965384689570008,
     0.9997401372967274,
     0.9967132656473299,
     0.9974908249412482,
     0.9982532731537368,
     0.9898725549229493
    ]
   },
   "spearman_u_abs_e": {
    "rho": -0.1739410845450327,
    "p": 0.0
   },
   "spearman_u_density": {
    "rho": 0.27704937101407595,
    "p": 0.0
   },
   "density_terciles": [
    {
     "n": 66667,
     "density_range": [
      1.019782707908818e-05,
      26.704253409415593
     ],
     "ause": 0.41985131006283816,
     "aurg": 0.15285120069522926
    },
    {
     "n": 66666,
     "density_range": [
      26.70427996557836,
      438.79470123594456
     ],
     "ause": 0.32441396322778204,
     "aurg": 0.055829527175370715
    },
    {
     "n": 66667,
     "density_range": [
      438.8003165945517,
      383432.4286390187
     ],
     "ause": 0.4843446706257389,
     "aurg": 0.03385359344776207
    }
   ],
   "per_tile": [
    {
     "tile": 0,
     "n": 54332,
     "ause": 0.6211160053029232,
     "aurg": 0.10647200079293156
    },
    {
     "tile": 1,
     "n": 32468,
     "ause": 0.6747616901962412,
     "aurg": 0.08284628502178921
    },
    {
     "tile": 2,
     "n": 17935,
     "ause": 0.749742000540627,
     "aurg": 0.011390207195247859
    },
    {
     "tile": 3,
     "n": 22686,
     "ause": 0.8160169006326725,
     "aurg": -0.0632114985217192
    },
    {
     "tile": 4,
     "n": 36076,
     "ause": 0.8399329820442071,
     "aurg": -0.12338202535125074
    },
    {
     "tile": 5,
     "n": 36503,
     "ause": 0.9807408953362585,
     "aurg": -0.2797551844524676
    }
   ]
  },
  "neg_log_predictive": {
   "global_": {
    "ause": 0.1612743696301284,
    "aurg": 0.577069708243631,
    "curve_u": [
     1.0000000000000016,
     0.895882329953957,
     0.8363919250941112,
     0.7909545111003093,
     0.7480509424566305,
     0.712926973738964,
     0.6826751603079125,
     0.6550899107446073,
     0.6304158825765489,
     0.6084770735727241,
     0.5869057865214251,
     0.5684712427950671,
     0.5510063249930638,
     0.5335872011988817,
     0.5160095171722013,
     0.5014902994427305,
     0.4856346035345092,
     0.46907345009530765,
     0.4533643860198205,
     0.43793107997533176,
     0.42214663396116703,
     0.4080002400741905,
     0.39447948031657715,
     0.3820945173113599,
     0.36899263403918947,
     0.3563967836277246,
     0.3437688354618527,
     0.33218781891307336,
     0.320021589679935,
     0.30914625223767767,
     0.29760490121900074,
     0.2869112582025432,
     0.2765888028881818,
     0.2668011349633641,
     0.2574652594250441,
     0.24874804533224482,
     0.24046991534841308,
     0.23096087620483105,
     0.2219513750571431,
     0.21445834769213157,
     0.20645317984833805,
     0.19877135521275668,
     0.19100392758962867,
     0.1839552283429643,
     0.17630224817127613,
     0.16817175774186896,
     0.16193621201143296,
     0.15493330886507567,
     0.14698504941943596,
     0.14709515929410588
    ],