{
 "name": "mar19_rich",
 "config": {
  "record": "experiments/out/mar19_rich_record.json",
  "model": "experiments/out/mar19_rich_model.npz",
  "input": "/Users/donga2/dp-splat-data/h3d/Epoch_March2019/LiDAR/Mar19_train.laz",
  "samples": 200000,
  "seed": 3,
  "chunk": 131072
 },
 "n_samples": 200000,
 "n_pairs": 1079,
 "acceptance_rate": 0.92045,
 "samples_per_tile": {
  "0": 10904,
  "2": 21692,
  "3": 1925,
  "4": 36082,
  "5": 20064,
  "6": 19265,
  "7": 7233,
  "8": 11130,
  "9": 14809,
  "10": 38677,
  "11": 18219
 },
 "plane_fallback_fraction": 0.0,
 "error_summary": {
  "mean": 0.6017148534429516,
  "median": 0.26479487101581933,
  "p95": 2.349430171304816
 },
 "nn_dist_summary": {
  "median": 0.3078977395758939,
  "p95": 2.684059271714121
 },
 "fractions": [
  0.0,
  0.02,
  0.04,
  0.06,
  0.08,
  0.1,
  0.12,
  0.14,
  0.16,
  0.18,
  0.2,
  0.22,
  0.24,
  0.26,
  0.28,
  0.3,
  0.32,
  0.34,
  0.36,
  0.38,
  0.4,
  0.42,
  0.44,
  0.46,
  0.48,
  0.5,
  0.52,
  0.54,
  0.56,
  0.58,
  0.6,
  0.62,
  0.64,
  0.66,
  0.68,
  0.7000000000000001,
  0.72,
  0.74,
  0.76,
  0.78,
  0.8,
  0.8200000000000001,
  0.84,
  0.86,
  0.88,
  0.9,
  0.92,
  0.9400000000000001,
  0.96,
  0.98
 ],
 "u_variants": {
  "sqrt_mean_marginal_var": {
   "global_": {
    "ause": 0.680150343347334,
    "aurg": 0.051348225598387656,
    "curve_u": [
     1.0000000000000053,
     1.0046003905100847,
     1.0167013024832698,
     1.0266466216515215,
     1.0212552590550268,
     1.0056072096012276,
     1.006131012528946,
     1.017246344689888,
     1.0164462572659523,
     1.0251129280528928,
     1.0250696537211956,
     1.0327956033370087,
     1.042850357417611,
     1.0334550142516157,
     1.0324561831711343,
     1.0298144266112643,
     1.0275538825695592,
     1.0372238533687255,
     1.0416719320328787,
     1.036418550618504,
     1.0451559157611152,
     1.0470973469917473,
     1.0351989592181416,
     1.0169020872392927,
     1.0189926911873493,
     1.0161456344351703,
     1.0055902613152794,
     1.000726952254682,
     0.9705580301498237,
     0.9614743606604043,
     0.9481863287171391,
     0.9492042679475464,
     0.9286852954319706,
     0.908608671851478,
     0.9017126266538185,
     0.8808962715648203,
     0.8723917232896842,
     0.8592937714625342,
     0.8581808413056858,
     0.8502250882740047,
     0.8437905132212038,
     0.8330477986757405,
     0.802233475102704,
     0.8106886735063947,
     0.7778211798187807,
     0.7565416620140308,
     0.7546493582173845,
     0.719851866491385,
     0.6985134474079131,
     0.7137694612415301
    ],
    "curve_oracle": [
     1.0000000000000004,
     0.8347833290818363,
     0.7481394138621403,
     0.6806327185844959,
     0.6247441578472982,
     0.5772238357471721,
     0.5362067281445627,
     0.5003029707530535,
     0.4684980230631728,
     0.4399644572651789,
     0.4141992467056797,
     0.3906943286253378,
     0.36907460631078237,
     0.34914249355056654,
     0.33062417104116787,
     0.31334706690214176,
     0.29711790579227304,
     0.28179818251032174,
     0.26731478483830423,
     0.2535793413359627,
     0.240521807411615,
     0.22808008415533687,
     0.21619189995217533,
     0.2047915525335014,
     0.1938569881736332,
     0.18337788912723021,
     0.1732994624892732,
     0.16357772899652104,
     0.15417590416431037,
     0.14509316965779084,
     0.13625936619914694,
     0.12767928914977197,
     0.1193373692589466,
     0.1112233354551867,
     0.103328468670126,
     0.09564284602440604,
     0.08816142870605607,
     0.08087581174681806,
     0.07378073930664253,
     0.06683847715679207,
     0.060065393842966934,
     0.05346673494946534,
     0.047031024808032715,
     0.04072681634998114,
     0.03454008218267719,
     0.028485437414649477,
     0.022546199409510692,
     0.016720813516909443,
     0.010992813112098482,
     0.0054655009531464765
    ],
    "curve_random": [
     0.9999999999999991,
     1.000410615348835,
     1.0001585003123832,
     1.0002281934045545,
     1.0004117655716767,
     0.9998489811998157,
     0.9996628435148447,
     1.0000061914201848,
     1.0000976441446616,
     1.0000516164748445,
     1.0003388618337863,
     0.9997894281624993,
     0.9995133843520126,
     0.9995811437811389,
     0.9989930201486688,
     0.9983902963269263,
     0.9983118550150147,
     0.9977253340023249,
     0.9982971896287348,
     0.9979774903380034,
     0.9981726202954208,
     0.9978715922381113,
     0.9982837284124965,
     0.9978860333672481,
     0.998152796445137,
     0.9983853462331995,
     0.9983652721724597,
     0.9990187026006293,
     0.9990346745386922,
     0.9996416469661207,
     1.0007502182283483,
     1.0005223350487717,
     0.9988674772285919,
     1.0003716014193798,
     1.0000686571332307,
     1.0007533195113247,
     0.9993238486042231,
     0.9993047324794584,
     0.999696368680762,
     0.999454169991752,
     0.9999355220651246,
     1.00107907495355,
     1.0020494616495361,
     1.0000116371633356,
     0.9980924618201039,
     0.9970709847201171,
     1.0026485588704575,
     1.0008299660120987,
     1.001249579753898,
     0.9980623001223848
    ]
   },
   "spearman_u_abs_e": {
    "rho": -0.08553488933399726,
    "p": 0.0
   },
   "spearman_u_density": {
    "rho": 0.1414097824072417,
    "p": 0.0
   },
   "density_terciles": [
    {
     "n": 66667,
     "density_range": [
      1.4671111063568944e-05,
      7.331189356641321
     ],
     "ause": 0.39526052655844546,
     "aurg": 0.12730022393370938
    },
    {
     "n": 66666,
     "density_range": [
      7.331942120062146,
      160.92452493117133
     ],
     "ause": 0.362221263380358,
     "aurg": 0.02500404461056807
    },
    {
     "n": 66667,
     "density_range": [
      160.9514242198966,
      1092176.804105157
     ],
     "ause": 0.4942027627306215,
     "aurg": 0.035716154122134816
    }
   ],
   "per_tile": [
    {
     "tile": 0,
     "n": 10904,
     "ause": 0.6024032696276636,
     "aurg": 0.0536253127264609
    },
    {
     "tile": 2,
     "n": 21692,
     "ause": 0.4544725943106632,
     "aurg": 0.2176759930441835
    },
    {
     "tile": 3,
     "n": 1925,
     "ause": 0.3968560877696058,
     "aurg": 0.2948637865178055
    },
    {
     "tile": 4,
     "n": 36082,
     "ause": 0.5634287381043229,
     "aurg": 0.1593129419205749
    },
    {
     "tile": 5,
     "n": 20064,
     "ause": 0.7107801881363583,
     "aurg": 0.054448949910511274
    },
    {
     "tile": 6,
     "n": 19265,
     "ause": 0.6559719495330505,
     "aurg": 0.057438667267262086
    },
    {
     "tile": 7,
     "n": 7233,
     "ause": 0.691601083157476,
     "aurg": 0.06673318664288194
    },
    {
     "tile": 8,
     "n": 11130,
     "ause": 0.498373356813937,
     "aurg": 0.18207945250892846
    },
    {
     "tile": 9,
     "n": 14809,
     "ause": 0.8799994030394956,
     "aurg": -0.1677487450484846
    },
    {
     "tile": 10,
     "n": 38677,
     "ause": 0.7803843991345757,
     "aurg": -0.037768338862661725
    },
    {
     "tile": 11,
     "n": 18219,
     "ause": 0.9339551209980574,
     "aurg": -0.23062883215030175
    }
   ]
  },
  "neg_log_predictive": {
   "global_": {
    "ause": 0.17720867692105444,
    "aurg": 0.5572503411728709,