{
 "config": {
  "input": "/Users/donga2/dp-splat-data/h3d/Epoch_March2018/LiDAR/Mar18_train.laz",
  "name": "mar18_train",
  "out_dir": "/Users/donga2/Library/Mobile Documents/com~apple~CloudDocs/DP_Splat/dp-splat-uav/experiments/out",
  "subsample": null,
  "seed": 0,
  "target_tile_points": 10000000.0,
  "halo": 5.0,
  "alpha": 1.0,
  "truncation": 64,
  "max_iters": 200,
  "tol": 1e-06,
  "svi_threshold": 2000000.0,
  "svi_batch": 65536,
  "svi_epochs": 3.0,
  "svi_eval_every": 25,
  "svi_eval_points": 100000,
  "n_min": 1.0,
  "match_margin": null,
  "chunk": 262144
 },
 "name": "mar18_train",
 "n_points": 59445106,
 "extras_fields": [
  "classification"
 ],
 "rgb_range": [
  0.0,
  0.9961089494163424
 ],
 "origin": [
  513954.78511514346,
  5426957.707390363,
  237.2512851142536
 ],
 "grid": {
  "shape": [
   2,
   3
  ],
  "n_tiles": 6,
  "halo": 5.0,
  "bbox_lo": [
   -105.1751146071474,
   -219.30239139776677
  ],
  "bbox_hi": [
   123.7258865373442,
   247.89661374222487
  ]
 },
 "alpha_t": [
  0.2698037244647188,
  0.16211800513906058,
  0.09084729363591344,
  0.11150925527830668,
  0.18212444603934258,
  0.18359727544265797
 ],
 "tiles": [
  {
   "tile": 0,
   "grid_index": [
    0,
    0
   ],
   "n_points": 16658124,
   "weighted_points": 16038511.0,
   "alpha_t": 0.2698037244647188,
   "seconds": 53.802970457822084,
   "khat_count": 11,
   "khat_entropy": 9.472496941799104,
   "elbo_trace": [
    -119546072.43695645
   ],
   "elbo_tail": [
    -119546072.43695645
   ],
   "elbo_dips": 0,
   "path": "svi",
   "steps": 763,
   "batch": 65536,
   "elbo_sub_trace": [
    -920480.0129026686,
    -946016.4707930245,
    -972887.1269953892,
    -1007846.8328875678,
    -1050468.1660155226,
    -1089508.147982324,
    -1119761.2667994027,
    -1144434.8432488816,
    -1163917.4275136606,
    -1180075.7215737377,
    -1194345.244873572,
    -1207803.8380909846,
    -1221319.7145059325,
    -1235054.8956083152,
    -1248838.391914551,
    -1261990.0703020454,
    -1275203.8707149876,
    -1287864.8144893155,
    -1299881.489662649,
    -1311455.2868195341,
    -1321634.5358821684,
    -1331454.73746093,
    -1341338.0560147383,
    -1350455.7579009903,
    -1358244.7756419557,
    -1365573.8741606215,
    -1372404.1877351415,
    -1378714.1075839966,
    -1384402.5053365724,
    -1389502.007204911,
    -1391986.0369154122
   ],
   "elbo_full_final": -119546072.43695645
  },
  {
   "tile": 1,
   "grid_index": [
    1,
    0
   ],
   "n_points": 10256735,
   "weighted_points": 9637122.0,
   "alpha_t": 0.16211800513906058,
   "seconds": 32.341360416729,
   "khat_count": 7,
   "khat_entropy": 5.875685726996561,
   "elbo_trace": [
    -64940610.682020135
   ],
   "elbo_tail": [
    -64940610.682020135
   ],
   "elbo_dips": 0,
   "path": "svi",
   "steps": 470,
   "batch": 65536,
   "elbo_sub_trace": [
    -734542.1500656344,
    -740405.3371218569,
    -759561.1170166825,
    -790496.9657911091,
    -830849.4136579182,
    -881544.4735661596,
    -936365.4027184466,
    -988843.6678815674,
    -1036022.5285699477,
    -1076756.7633274293,
    -1110819.7583094349,
    -1139795.5152716353,
    -1165025.6468093554,
    -1187208.4065122583,
    -1207840.201163895,
    -1226405.4090760504,
    -1244634.875204893,
    -1261331.161821547,
    -1273880.2815917393
   ],
   "elbo_full_final": -64940610.682020135
  },
  {
   "tile": 2,
   "grid_index": [
    0,
    1
   ],
   "n_points": 6247487,
   "weighted_points": 5400427.0,
   "alpha_t": 0.09084729363591344,
   "seconds": 20.715798292309046,
   "khat_count": 6,
   "khat_entropy": 4.040157699080011,
   "elbo_trace": [
    -33937938.583158985
   ],
   "elbo_tail": [
    -33937938.583158985
   ],
   "elbo_dips": 0,
   "path": "svi",
   "steps": 286,
   "batch": 65536,
   "elbo_sub_trace": [
    -621370.0039897342,
    -622026.9298805795,
    -639840.7984458708,
    -671014.4238037604,
    -712574.1603952582,
    -759589.6308531702,
    -804692.602541968,
    -843332.3671647605,
    -873634.909154996,
    -896489.3010429027,
    -914236.8249408067,
    -920421.9838770035
   ],
   "elbo_full_final": -33937938.583158985
  },
  {
   "tile": 3,
   "grid_index": [
    1,
    1
   ],
   "n_points": 7497319,
   "weighted_points": 6628679.5,
   "alpha_t": 0.11150925527830668,
   "seconds": 26.671657416038215,
   "khat_count": 6,
   "khat_entropy": 3.234143132537874,
   "elbo_trace": [
    -40735247.76304302
   ],
   "elbo_tail": [
    -40735247.76304302
   ],
   "elbo_dips": 0,
   "path": "svi",
   "steps": 344,
   "batch": 65536,
   "elbo_sub_trace": [
    -673882.5864022771,
    -744479.6246471545,
    -791930.4861556077,
    -818242.1003656402,
    -832481.035949457,
    -840426.1595459182,
    -844827.0261333511,
    -847485.1005824163,
    -849270.3642030597,
    -850694.2308976629,
    -851718.6324461432,
    -852584.7391344401,
    -853238.9092940197,
    -853792.102729672
   ],
   "elbo_full_final": -40735247.76304302
  },
  {
   "tile": 4,
   "grid_index": [
    0,
    2
   ],
   "n_points": 11938174,
   "weighted_points": 10826407.0,
   "alpha_t": 0.18212444603934258,
   "seconds": 80.21832366706803,
   "khat_count": 7,
   "khat_entropy": 5.3516802711444145,
   "elbo_trace": [
    -79991889.79824416
   ],
   "elbo_tail": [
    -79991889.79824416
   ],
   "elbo_dips": 0,
   "path": "svi",
   "steps": 547,
   "batch": 65536,
   "elbo_sub_trace": [
    -876970.7032759463,
    -888437.739991149,
    -891888.9438073317,
    -889480.0791279764,
    -882901.6014179518,
    -874691.4045094564,
    -867425.0484049406,
    -859657.3822762582,
    -853699.9783648993,
    -849256.8071424267,
    -845854.2759920534,
    -843077.3322535675,
    -840788.3214128995,
    -838575.2628407804,
    -836509.9599179098,
    -834474.2272738694,
    -832155.728370407,
    -829787.8199568004,
    -827778.2713494018,
    -825860.671436988,
    -824183.9830599804,
    -822916.4256679792
   ],
   "elbo_full_final": -79991889.79824416
  },
  {
   "tile": 5,
   "grid_index": [
    1,
    2
   ],
   "n_points": 12047306,
   "weighted_points": 10913959.5,
   "alpha_t": 0.18359727544265797,
   "seconds": 50.57465737545863,
   "khat_count": 8,
   "khat_entropy": 7.159903961623208,
   "elbo_trace": [
    -49280387.3788145
   ],
   "elbo_tail": [
    -49280387.3788145
   ],
   "elbo_dips": 0,
   "path": "svi",
   "steps": 552,
   "batch": 65536,
   "elbo_sub_trace": [
    -864918.4172817062,
    -1005729.1014178356,
    -1156913.374469034,
    -1312607.8529259763,
    -1456862.1793429793,
    -1586671.9543494491,
    -1707551.115809527,
    -1821804.0605124629,
    -1925505.997478872,
    -2016429.2663789417,
    -2092990.0334739727,
    -2154066.5300006634,
    -2202407.243679722,
    -2238851.7173127215,
    -2265110.2101684506,
    -2285131.0341184144,
    -2301114.087523008,
    -2313144.4817531644,
    -2321987.7862015855,
    -2328836.1788475965,
    -2334683.635357143,
    -2339287.025692285,
    -2339598.488005203
   ],
   "elbo_full_final": -49280387.3788145
  }
 ],
 "matches": [
  {
   "tiles": [
    0,
    1
   ],
   "candidates": 0,
   "accepted": 0,
   "pairs": []
  },
  {
   "tiles": [
    0,
    2
   ],
   "candidates": 0,
   "accepted": 0,
   "pairs": []
  },
  {
   "tiles": [
    0,
    3
   ],
   "candidates": 0,
   "accepted": 0,
   "pairs": []
  },
  {
   "tiles": [
    1,
    2
   ],
   "candidates": 0,
   "accepted": 0,
   "pairs": []
  },
  {
   "tiles": [
    1,
    3
   ],
   "candidates": 0,
   "accepted": 0,
   "pairs": []
  },
  {
   "tiles": [
    2,
    3
   ],
   "candidates": 0,
   "accepted": 0,
   "pairs": []
  },
  {
   "tiles": [
    2,
    4
   ],
   "candidates": 0,
   "accepted": 0,
   "pairs": []
  },
  {
   "tiles": [
    2,
    5
   ],
   "candidates": 0,
   "accepted": 0,
   "pairs": []
  },
  {
   "tiles": [
    3,
    4
   ],
   "candidates": 0,
   "accepted": 0,
   "pairs": []
  },
  {
   "tiles": [
    3,
    5
   ],
   "candidates": 0,
   "accepted": 0,