{
 "config": {
  "input": "/Users/donga2/dp-splat-data/h3d/Epoch_March2019/LiDAR/Mar19_train.laz",
  "name": "mar19_rich_nomerge",
  "out_dir": "/Users/donga2/Library/Mobile Documents/com~apple~CloudDocs/DP_Splat/dp-splat-uav/experiments/out",
  "subsample": 107000000,
  "seed": 0,
  "target_tile_points": 10000000.0,
  "halo": 5.0,
  "alpha": 100.0,
  "truncation": 256,
  "max_iters": 200,
  "tol": 1e-06,
  "svi_threshold": 2000000.0,
  "svi_batch": 65536,
  "svi_epochs": 3.0,
  "svi_eval_every": 25,
  "svi_eval_points": 100000,
  "n_min": 1.0,
  "min_tile_points": 1000,
  "match_margin": null,
  "no_merge": true,
  "chunk": 262144
 },
 "name": "mar19_rich_nomerge",
 "n_points": 107000000,
 "extras_fields": [
  "classification"
 ],
 "rgb_range": [
  0.0,
  0.9961089494163424
 ],
 "origin": [
  513884.7225396636,
  5426944.081699712,
  246.7401044876536
 ],
 "grid": {
  "shape": [
   2,
   6
  ],
  "n_tiles": 12,
  "halo": 5.0,
  "bbox_lo": [
   -117.3205468163942,
   -457.5036968085915
  ],
  "bbox_hi": [
   195.77947447437327,
   325.68532903678715
  ]
 },
 "alpha_t": [
  5.481414018691589,
  0.0,
  10.987040654205607,
  1.2134144859813085,
  17.938008411214952,
  10.042322429906543,
  9.600595560747664,
  3.6474567757009346,
  5.643223130841122,
  7.473754439252336,
  18.881460280373833,
  9.091309813084113
 ],
 "tiles": [
  {
   "tile": 0,
   "grid_index": [
    0,
    0
   ],
   "n_points": 6165348,
   "weighted_points": 5865113.0,
   "alpha_t": 5.481414018691589,
   "seconds": 95.00731791742146,
   "khat_count": 69,
   "khat_entropy": 42.90881509151053,
   "elbo_trace": [
    -39402978.49609633
   ],
   "elbo_tail": [
    -39402978.49609633
   ],
   "elbo_dips": 0,
   "path": "svi",
   "steps": 283,
   "batch": 65536,
   "elbo_sub_trace": [
    -966020.6515397897,
    -1054902.9137883298,
    -1111199.440511698,
    -1150944.2363596174,
    -1181044.083654881,
    -1205093.837241226,
    -1223994.4023660296,
    -1238968.5430824158,
    -1250240.207468562,
    -1260777.7171434883,
    -1269532.9839794822,
    -1272381.7094207448
   ],
   "elbo_full_final": -39402978.49609633
  },
  {
   "tile": 1,
   "grid_index": [
    1,
    0
   ],
   "n_points": 0,
   "weighted_points": 0.0,
   "alpha_t": 0.0,
   "seconds": 0.0,
   "khat_count": 0,
   "khat_entropy": 0.0,
   "elbo_trace": [],
   "elbo_tail": [],
   "elbo_dips": 0,
   "path": "skipped"
  },
  {
   "tile": 2,
   "grid_index": [
    0,
    1
   ],
   "n_points": 13220266,
   "weighted_points": 11756133.5,
   "alpha_t": 10.987040654205607,
   "seconds": 198.43510679202154,
   "khat_count": 114,
   "khat_entropy": 79.96189644886267,
   "elbo_trace": [
    -76612301.11638106
   ],
   "elbo_tail": [
    -76612301.11638106
   ],
   "elbo_dips": 0,
   "path": "svi",
   "steps": 606,
   "batch": 65536,
   "elbo_sub_trace": [
    -1035121.2085130191,
    -1185987.4965932884,
    -1303953.8468036377,
    -1404408.719216613,
    -1496567.3883051937,
    -1582007.9665249612,
    -1658542.6813507045,
    -1724825.6874276805,
    -1781115.2454326723,
    -1828380.3652983082,
    -1866686.009328662,
    -1898431.016463601,
    -1925617.587802653,
    -1949072.6137134498,
    -1970825.9986982225,
    -1990069.3828552207,
    -2006942.0418317958,
    -2023844.7133338586,
    -2038862.8420870872,
    -2053114.5216131962,
    -2067837.155334265,
    -2081765.9439012425,
    -2094767.2026380838,
    -2107598.7101234472,
    -2110517.2094057216
   ],
   "elbo_full_final": -76612301.11638106
  },
  {
   "tile": 3,
   "grid_index": [
    1,
    1
   ],
   "n_points": 2051659,
   "weighted_points": 1298353.5,
   "alpha_t": 1.2134144859813085,
   "seconds": 30.235470624640584,
   "khat_count": 21,
   "khat_entropy": 13.236114223693171,
   "elbo_trace": [
    -7343934.2027328415
   ],
   "elbo_tail": [
    -7343934.2027328415
   ],
   "elbo_dips": 0,
   "path": "svi",
   "steps": 94,
   "batch": 65536,
   "elbo_sub_trace": [
    -452518.8883573596,
    -470028.3822531695,
    -485143.7664118137,
    -495866.9138448403
   ],
   "elbo_full_final": -7343934.2027328415
  },
  {
   "tile": 4,
   "grid_index": [
    0,
    2
   ],
   "n_points": 20641313,
   "weighted_points": 19193669.0,
   "alpha_t": 17.938008411214952,
   "seconds": 287.99511479213834,
   "khat_count": 182,
   "khat_entropy": 118.17213585728611,
   "elbo_trace": [
    -116303616.11641523
   ],
   "elbo_tail": [
    -116303616.11641523
   ],
   "elbo_dips": 0,
   "path": "svi",
   "steps": 945,
   "batch": 65536,
   "elbo_sub_trace": [
    -1817786.004453384,
    -2332855.0781044774,
    -2695791.1467774305,
    -2970357.6124627576,
    -3194308.6717308895,
    -3377517.970268963,
    -3532135.671602208,
    -3665903.6252698414,
    -3780877.180089602,
    -3876409.063021022,
    -3958219.0661833016,
    -4029583.157924984,
    -4088450.1132612424,
    -4139117.9899670966,
    -4185088.876239375,
    -4223915.04721505,
    -4259398.793655918,
    -4293610.685091916,
    -4323458.054966932,
    -4352795.511111151,
    -4379898.205174914,
    -4405079.519195377,
    -4430826.545251793,
    -4455185.829637989,
    -4476780.32994557,
    -4499196.5346232895,
    -4519227.402748633,
    -4540505.560827876,
    -4559651.244876523,
    -4580234.8404450985,
    -4599070.237859702,
    -4616754.434449512,
    -4635570.829116709,
    -4653208.507590318,
    -4670216.230324404,
    -4687246.05055835,
    -4703378.691867644,
    -4716376.79058676
   ],
   "elbo_full_final": -116303616.11641523
  },
  {
   "tile": 5,
   "grid_index": [
    1,
    2
   ],
   "n_points": 11782337,
   "weighted_points": 10745285.0,
   "alpha_t": 10.042322429906543,
   "seconds": 156.49741508299485,
   "khat_count": 116,
   "khat_entropy": 58.99113846998418,
   "elbo_trace": [
    -71765677.17814259
   ],
   "elbo_tail": [
    -71765677.17814259
   ],
   "elbo_dips": 0,
   "path": "svi",
   "steps": 540,
   "batch": 65536,
   "elbo_sub_trace": [
    -1264328.5853654621,
    -1560663.1541514571,
    -1797748.3261071555,
    -2002194.4369736705,
    -2174692.3304163697,
    -2319223.9879579428,
    -2434899.766215414,
    -2523633.8249655333,
    -2595048.7708718474,
    -2652741.088059738,
    -2699269.720923535,
    -2737512.1236616517,
    -2770211.7968428433,
    -2796675.423171326,
    -2820161.470208213,
    -2841331.4690626515,
    -2859903.2058761986,
    -2877021.932172196,
    -2893175.795931213,
    -2907980.3583271424,
    -2921818.9797104546,
    -2929588.696506057
   ],
   "elbo_full_final": -71765677.17814259
  },
  {
   "tile": 6,
   "grid_index": [
    0,
    3
   ],
   "n_points": 11206131,
   "weighted_points": 10272637.25,
   "alpha_t": 9.600595560747664,
   "seconds": 150.2251575421542,
   "khat_count": 94,
   "khat_entropy": 60.223319760417255,
   "elbo_trace": [
    -57428540.683181345
   ],
   "elbo_tail": [
    -57428540.683181345
   ],
   "elbo_dips": 0,
   "path": "svi",
   "steps": 513,
   "batch": 65536,
   "elbo_sub_trace": [
    -1354319.4452680885,
    -1593209.9931274664,
    -1760574.5071542587,
    -1886262.2354295724,
    -1985972.0431538597,
    -2067052.5994628535,
    -2134166.744329285,
    -2190681.7690412453,
    -2238460.329977724,
    -2280880.469235364,
    -2319545.081192437,
    -2355511.917143855,
    -2388053.6763088275,
    -2417267.8111563665,
    -2444385.347785035,
    -2469040.8693908486,
    -2490716.6148963985,
    -2510136.470289835,
    -2527016.815017961,
    -2542855.2130678124,
    -2550614.933537821
   ],
   "elbo_full_final": -57428540.683181345
  },
  {
   "tile": 7,
   "grid_index": [
    1,
    3
   ],
   "n_points": 4460620,
   "weighted_points": 3902778.75,
   "alpha_t": 3.6474567757009346,
   "seconds": 60.70255775004625,
   "khat_count": 47,
   "khat_entropy": 23.291330386152225,
   "elbo_trace": [
    -22997996.703122064
   ],
   "elbo_tail": [
    -22997996.703122064
   ],
   "elbo_dips": 0,
   "path": "svi",
   "steps": 205,
   "batch": 65536,