{
 "config": {
  "input": "/Users/donga2/dp-splat-data/h3d/Epoch_March2018/LiDAR/Mar18_train.laz",
  "name": "mar18_rich_nomerge",
  "out_dir": "/Users/donga2/Library/Mobile Documents/com~apple~CloudDocs/DP_Splat/dp-splat-uav/experiments/out",
  "subsample": 53500000,
  "seed": 0,
  "target_tile_points": 10000000.0,
  "halo": 5.0,
  "alpha": 100.0,
  "truncation": 256,
  "max_iters": 200,
  "tol": 1e-06,
  "svi_threshold": 2000000.0,
  "svi_batch": 65536,
  "svi_epochs": 3.0,
  "svi_eval_every": 25,
  "svi_eval_points": 100000,
  "n_min": 1.0,
  "min_tile_points": 1000,
  "match_margin": null,
  "no_merge": true,
  "chunk": 262144
 },
 "name": "mar18_rich_nomerge",
 "n_points": 53500000,
 "extras_fields": [
  "classification"
 ],
 "rgb_range": [
  0.0,
  0.9961089494163424
 ],
 "origin": [
  513954.7824455506,
  5426957.725331745,
  237.2519789198553
 ],
 "grid": {
  "shape": [
   2,
   3
  ],
  "n_tiles": 6,
  "halo": 5.0,
  "bbox_lo": [
   -105.17244501429377,
   -219.32033277954906
  ],
  "bbox_hi": [
   123.72855613019783,
   247.87867236044258
  ]
 },
 "alpha_t": [
  26.976142990654207,
  16.21052429906542,
  9.08582663551402,
  11.150355607476635,
  18.215871495327104,
  18.361278971962616
 ],
 "tiles": [
  {
   "tile": 0,
   "grid_index": [
    0,
    0
   ],
   "n_points": 14989894,
   "weighted_points": 14432236.5,
   "alpha_t": 26.976142990654207,
   "seconds": 1102.1446261252277,
   "khat_count": 235,
   "khat_entropy": 131.438791247261,
   "elbo_trace": [
    -75154213.8542974
   ],
   "elbo_tail": [
    -75154213.8542974
   ],
   "elbo_dips": 0,
   "path": "svi",
   "steps": 687,
   "batch": 65536,
   "elbo_sub_trace": [
    -1511945.1635594692,
    -1924464.6297137379,
    -2229078.654471636,
    -2489452.3868702506,
    -2725961.079199138,
    -2916501.271058711,
    -3066888.483183661,
    -3189305.691846529,
    -3292363.3029037453,
    -3381693.8075364353,
    -3457821.3722793534,
    -3523872.9662724575,
    -3582555.2830533036,
    -3631593.6569593768,
    -3674434.7529178536,
    -3714100.9896555427,
    -3749211.9214607184,
    -3780099.862700798,
    -3808987.78198047,
    -3836960.862825089,
    -3862755.5607263157,
    -3886565.330378077,
    -3908990.796604566,
    -3930532.7264539395,
    -3949404.2692766907,
    -3969163.46948659,
    -3988626.683106836,
    -3996755.9780262
   ],
   "elbo_full_final": -75154213.8542974
  },
  {
   "tile": 1,
   "grid_index": [
    1,
    0
   ],
   "n_points": 9230288,
   "weighted_points": 8672630.5,
   "alpha_t": 16.21052429906542,
   "seconds": 902.9522477923892,
   "khat_count": 164,
   "khat_entropy": 70.56820612920299,
   "elbo_trace": [
    -45388730.47045919
   ],
   "elbo_tail": [
    -45388730.47045919
   ],
   "elbo_dips": 0,
   "path": "svi",
   "steps": 423,
   "batch": 65536,
   "elbo_sub_trace": [
    -1130658.4385816085,
    -1398854.9747665413,
    -1631738.298590247,
    -1831150.6531219215,
    -1991005.550713492,
    -2113674.0390194217,
    -2208033.424440705,
    -2282510.3612959553,
    -2341189.5273529924,
    -2390053.5012096264,
    -2429255.0951032694,
    -2461116.3124567126,
    -2490108.679754725,
    -2515283.566939709,
    -2536669.966266119,
    -2555914.226447843,
    -2571780.8804992554
   ],
   "elbo_full_final": -45388730.47045919
  },
  {
   "tile": 2,
   "grid_index": [
    0,
    1
   ],
   "n_points": 5623315,
   "weighted_points": 4860917.25,
   "alpha_t": 9.08582663551402,
   "seconds": 539.7794322501868,
   "khat_count": 85,
   "khat_entropy": 36.895386302657265,
   "elbo_trace": [
    -21137746.85201014
   ],
   "elbo_tail": [
    -21137746.85201014
   ],
   "elbo_dips": 0,
   "path": "svi",
   "steps": 258,
   "batch": 65536,
   "elbo_sub_trace": [
    -1156997.053532722,
    -1384339.739652948,
    -1507880.4571617758,
    -1586231.6159175467,
    -1640866.5616538075,
    -1680084.0565066377,
    -1710018.968543886,
    -1735006.59561418,
    -1755955.7941772903,
    -1774402.9195561823,
    -1779796.8298741374
   ],
   "elbo_full_final": -21137746.85201014
  },
  {
   "tile": 3,
   "grid_index": [
    1,
    1
   ],
   "n_points": 6747346,
   "weighted_points": 5965440.25,
   "alpha_t": 11.150355607476635,
   "seconds": 627.5659329588525,
   "khat_count": 108,
   "khat_entropy": 33.31345358338868,
   "elbo_trace": [
    -27974878.736480366
   ],
   "elbo_tail": [
    -27974878.736480366
   ],
   "elbo_dips": 0,
   "path": "svi",
   "steps": 309,
   "batch": 65536,
   "elbo_sub_trace": [
    -1449470.9642490456,
    -1713878.4978700054,
    -1890323.4376705333,
    -2014180.761519738,
    -2103120.2210144713,
    -2168472.326514727,
    -2216619.5152095207,
    -2253172.0026603662,
    -2281705.40812847,
    -2305766.180002704,
    -2325891.4354287665,
    -2344081.0749415252,
    -2349736.6422639205
   ],
   "elbo_full_final": -27974878.736480366
  },
  {
   "tile": 4,
   "grid_index": [
    0,
    2
   ],
   "n_points": 10746121,
   "weighted_points": 9745491.25,
   "alpha_t": 18.215871495327104,
   "seconds": 1049.1635377909988,
   "khat_count": 149,
   "khat_entropy": 55.59538317618961,
   "elbo_trace": [
    -40640194.05315952
   ],
   "elbo_tail": [
    -40640194.05315952
   ],
   "elbo_dips": 0,
   "path": "svi",
   "steps": 492,
   "batch": 65536,
   "elbo_sub_trace": [
    -1740173.334688105,
    -2270006.1587837455,
    -2620795.96510575,
    -2866946.900012326,
    -3039465.2295975955,
    -3162281.90559735,
    -3251604.551113733,
    -3318285.5656925114,
    -3371489.533406124,
    -3415492.4453420327,
    -3451815.627416875,
    -3483686.683298009,
    -3511223.140664123,
    -3535513.660993771,
    -3555941.365776354,
    -3576401.679175914,
    -3593157.251499911,
    -3609314.433367744,
    -3623676.861716664,
    -3632425.076643239
   ],
   "elbo_full_final": -40640194.05315952
  },
  {
   "tile": 5,
   "grid_index": [
    1,
    2
   ],
   "n_points": 10843422,
   "weighted_points": 9823284.25,
   "alpha_t": 18.361278971962616,
   "seconds": 756.6949628330767,
   "khat_count": 139,
   "khat_entropy": 36.38187425306389,
   "elbo_trace": [
    -29890423.21540235
   ],
   "elbo_tail": [
    -29890423.21540235
   ],
   "elbo_dips": 0,
   "path": "svi",
   "steps": 497,
   "batch": 65536,
   "elbo_sub_trace": [
    -2795022.2956646415,
    -3234756.7363917525,
    -3488209.925989407,
    -3651596.8891721163,
    -3770367.639339045,
    -3865909.986287763,
    -3945227.3522461983,
    -4013628.4450207483,
    -4071405.450928125,
    -4122315.908437862,
    -4165705.7670150907,
    -4204229.522582356,
    -4237406.1934692385,
    -4266109.291235266,
    -4292868.011552645,
    -4316001.928120193,
    -4338256.472219394,
    -4358840.40147671,
    -4378561.348997749,
    -4394522.801807149
   ],
   "elbo_full_final": -29890423.21540235
  }
 ],
 "matches": [],
 "merge": {
  "accepted_pairs": 0,
  "merge_sets": 0,
  "set_sizes": [],
  "khat_pre": 880,
  "khat_post": 880,
  "khat_entropy_global": 346.84953321203375,
  "match_seconds": 3.4311229581944644
 },
 "seconds_total": 5044.616744415835,
 "load_seconds": 8.742759541142732,
 "versions": {
  "jax": "0.11.0",
  "numpy": "2.5.1"
 }
}