{
 "name": "mar18_ho",
 "config": {
  "record": "experiments/out/mar18_ho_record.json",
  "model": "experiments/out/mar18_ho_model.npz",
  "input": "/Users/donga2/dp-splat-data/h3d/Epoch_March2018/LiDAR/Mar18_train.laz",
  "samples": 200000,
  "seed": 3,
  "chunk": 131072
 },
 "n_samples": 200000,
 "n_pairs": 42,
 "acceptance_rate": 0.9340733333333333,
 "samples_per_tile": {
  "0": 55840,
  "1": 32554,
  "2": 17692,
  "3": 22135,
  "4": 35403,
  "5": 36376
 },
 "plane_fallback_fraction": 0.0,
 "error_summary": {
  "mean": 1.4773514929569431,
  "median": 0.591796450161538,
  "p95": 5.351158043466692
 },
 "nn_dist_summary": {
  "median": 0.731954202617151,
  "p95": 6.0357286443992715
 },
 "fractions": [
  0.0,
  0.02,
  0.04,
  0.06,
  0.08,
  0.1,
  0.12,
  0.14,
  0.16,
  0.18,
  0.2,
  0.22,
  0.24,
  0.26,
  0.28,
  0.3,
  0.32,
  0.34,
  0.36,
  0.38,
  0.4,
  0.42,
  0.44,
  0.46,
  0.48,
  0.5,
  0.52,
  0.54,
  0.56,
  0.58,
  0.6,
  0.62,
  0.64,
  0.66,
  0.68,
  0.7000000000000001,
  0.72,
  0.74,
  0.76,
  0.78,
  0.8,
  0.8200000000000001,
  0.84,
  0.86,
  0.88,
  0.9,
  0.92,
  0.9400000000000001,
  0.96,
  0.98
 ],
 "u_variants": {
  "sqrt_mean_marginal_var": {
   "global_": {
    "ause": 0.6241744084085286,
    "aurg": 0.1355713402121558,
    "curve_u": [
     0.9999999999999665,
     0.939042669623495,
     0.9227281073571638,
     0.9052884866529526,
     0.9013980031853731,
     0.9118835456104606,
     0.9068932063507664,
     0.893542887913834,
     0.88814543355928,
     0.8935587719781029,
     0.8920950491319053,
     0.8832318820613735,
     0.8828540659009911,
     0.8747264243609991,
     0.883467985345078,
     0.8964653622650679,
     0.9090562693717708,
     0.9133249068888682,
     0.919632065249176,
     0.9124073043985065,
     0.8971487925742049,
     0.8870540714331291,
     0.9109119849136499,
     0.9318273774000603,
     0.9235227676094534,
     0.9167154620620549,
     0.9068119131438155,
     0.8985572676424496,
     0.8726165368719716,
     0.8370417768861788,
     0.8185789348821918,
     0.8342913818734736,
     0.8152938348019785,
     0.797133649515047,
     0.7929356222005678,
     0.8216631848606087,
     0.8734656255997293,
     0.8905998697843517,
     0.8884746042620253,
     0.8886299029875531,
     0.8616138488884554,
     0.8878051032107197,
     0.8671518359520928,
     0.8464681117162796,
     0.775071288913855,
     0.6278718957811786,
     0.6752246959992771,
     0.6919741388883224,
     0.5075348446404983,
     0.7759578308962476
    ],
    "curve_oracle": [
     0.9999999999999932,
     0.8064038557444407,
     0.7194608056949482,
     0.6573255337395688,
     0.6058543096375514,
     0.5611897461886879,
     0.521508512989744,
     0.4856859066691965,
     0.45310204089366823,
     0.4231021461809957,
     0.3953504522169369,
     0.3695140066057895,
     0.34539696507817674,
     0.3228184790884845,
     0.3016359161161324,
     0.28171661177775975,
     0.2629301730117155,
     0.2451954765249086,
     0.22846181922641912,
     0.21266668650136933,
     0.19779947337236561,
     0.1838162193815607,
     0.17064785032897334,
     0.15824286008616104,
     0.14658685714460523,
     0.13563544415047796,
     0.12536955190716872,
     0.11574550823945312,
     0.10678367970066753,
     0.0984411915653599,
     0.0906487502428906,
     0.08338875681636608,
     0.07660499435287002,
     0.07027723023628032,
     0.06435190248511942,
     0.058813550994158525,
     0.05360713816247971,
     0.04869388070867741,
     0.044037959471026705,
     0.03960193112090834,
     0.035372454380096695,
     0.03132169563109372,
     0.027423001548797336,
     0.02363197257006199,
     0.01995017702925186,
     0.01638979751606428,
     0.012945719915772121,
     0.009608879770473441,
     0.006356031924834864,
     0.003154685763023756
    ],
    "curve_random": [
     0.9999999999999999,
     1.0002437874766192,
     1.0003639236241668,
     1.000249832713311,
     0.9996025311898671,
     0.9995520722350003,
     0.9992336639501102,
     0.9984484745735194,
     0.9981900920772264,
     0.9986314233505131,
     0.9981127934142011,
     0.9979104816226674,
     0.9976517292954677,
     0.9981219785344697,
     0.998042267247144,
     0.9981610967928586,
     0.9984460681185491,
     0.9983664343168333,
     0.9983375027054239,
     0.998455362864472,
     0.9988872110601582,
     0.9982004003789231,
     0.9979710964327995,
     0.9979250596694438,
     0.9982890999663966,
     0.9985717312243122,
     0.9973473725612676,
     0.9981237820516484,
     0.998659040048271,
     0.9988021060334517,
     0.9982138513058869,
     0.9984236410464081,
     0.9987531272953656,
     0.9991031923298869,
     0.9991016722078798,
     0.9997704631624078,
     0.9995244287329089,
     0.9979148996056257,
     0.9992026899058127,
     0.9966044519677703,
     0.9964472146773932,
     0.9947864047802114,
     0.9962974870889195,
     0.9982641729724263,
     1.0004343862314247,
     1.0047259222506277,
     1.002832347436044,
     0.9956271711823454,
     1.0022607400342272,
     1.0061839976271436
    ]
   },
   "spearman_u_abs_e": {
    "rho": 0.10157528184388567,
    "p": 0.0
   },
   "spearman_u_density": {
    "rho": -0.08884662273669522,
    "p": 0.0
   },
   "density_terciles": [
    {
     "n": 66667,
     "density_range": [
      9.539716930242455e-06,
      0.41053318353059426
     ],
     "ause": 0.4286057955516668,
     "aurg": 0.0966600875189344
    },
    {
     "n": 66666,
     "density_range": [
      0.4105395072587981,
      35.3678376082194
     ],
     "ause": 0.399748296194972,
     "aurg": 0.023674287976554548
    },
    {
     "n": 66667,
     "density_range": [
      35.37591326176363,
      155955.56095273135
     ],
     "ause": 0.5350280887848561,
     "aurg": 0.022223758549637096
    }
   ],
   "per_tile": [
    {
     "tile": 0,
     "n": 55840,
     "ause": 0.7737829964272239,
     "aurg": -0.08043042195171296
    },
    {
     "tile": 1,
     "n": 32554,
     "ause": 0.6123084650385537,
     "aurg": 0.1017112773084583
    },
    {
     "tile": 2,
     "n": 17692,
     "ause": 0.7143174144519394,
     "aurg": 0.06587717527260376
    },
    {
     "tile": 3,
     "n": 22135,
     "ause": 0.7614390909168471,
     "aurg": 0.0686131852395263
    },
    {
     "tile": 4,
     "n": 35403,
     "ause": 0.34207227426216164,
     "aurg": 0.40662870385086863
    },
    {
     "tile": 5,
     "n": 36376,
     "ause": 0.46396457936101,
     "aurg": 0.3406653295317815
    }
   ]
  },
  "neg_log_predictive": {
   "global_": {
    "ause": 0.1649240147003308,
    "aurg": 0.5951997876219529,
    "curve_u": [
     1.000000000000004,
     0.9074234101806278,
     0.8419195467347257,
     0.7827370509174381,
     0.7391936922037246,
     0.7059316963640107,
     0.6765072266003407,
     0.6507346274253507,
     0.6277613707316541,
     0.606209825581886,
     0.5867803822937202,
     0.567284438643821,
     0.5494848780685796,
     0.5321399349345858,
     0.5158737874600043,
     0.4993992024031382,
     0.4845462146045703,
     0.4717481097855909,
     0.45903127539098937,
     0.44566091267557506,
     0.43334270390198826,
     0.4209107263282918,
     0.40803401271436107,
     0.3957505108317303,
     0.3835454135108784,
     0.37181273285330346,
     0.3606292423197696,
     0.34985925832652387,
     0.3397287595908279,
     0.3294855139444812,
     0.3162713895891047,
     0.30359633186741103,
     0.2887773457967303,
     0.27466840924450403,
     0.26077583320525105,
     0.2453579925781083,
     0.22716961288473592,
     0.20695983710209165,
     0.1878056888991967,
     0.16481185811583698,
     0.14102679041083355,
     0.12410051544882977,
     0.10867277817022919,
     0.09323830415779685,
     0.07514050870243777,
     0.06339415008662598,
     0.057040541121096314,
     0.05160809334769553,
     0.045931106779668295,
     0.038756875415767875
    ],