{
 "config": {
  "input": "/Users/donga2/dp-splat-data/h3d/Epoch_March2018/LiDAR/Mar18_train.laz",
  "name": "mar18_ho",
  "out_dir": "/Users/donga2/Library/Mobile Documents/com~apple~CloudDocs/DP_Splat/dp-splat-uav/experiments/out",
  "subsample": 53500000,
  "seed": 0,
  "target_tile_points": 10000000.0,
  "halo": 5.0,
  "alpha": 1.0,
  "truncation": 64,
  "max_iters": 200,
  "tol": 1e-06,
  "svi_threshold": 2000000.0,
  "svi_batch": 65536,
  "svi_epochs": 3.0,
  "svi_eval_every": 25,
  "svi_eval_points": 100000,
  "n_min": 1.0,
  "min_tile_points": 1000,
  "match_margin": null,
  "chunk": 262144
 },
 "name": "mar18_ho",
 "n_points": 53500000,
 "extras_fields": [
  "classification"
 ],
 "rgb_range": [
  0.0,
  0.9961089494163424
 ],
 "origin": [
  513954.7824455506,
  5426957.725331745,
  237.2519789198553
 ],
 "grid": {
  "shape": [
   2,
   3
  ],
  "n_tiles": 6,
  "halo": 5.0,
  "bbox_lo": [
   -105.17244501429377,
   -219.32033277954906
  ],
  "bbox_hi": [
   123.72855613019783,
   247.87867236044258
  ]
 },
 "alpha_t": [
  0.26976142990654206,
  0.1621052429906542,
  0.09085826635514019,
  0.11150355607476635,
  0.18215871495327102,
  0.18361278971962616
 ],
 "tiles": [
  {
   "tile": 0,
   "grid_index": [
    0,
    0
   ],
   "n_points": 14989894,
   "weighted_points": 14432236.5,
   "alpha_t": 0.26976142990654206,
   "seconds": 48.872774166055024,
   "khat_count": 9,
   "khat_entropy": 7.428732387881315,
   "elbo_trace": [
    -112289030.84246716
   ],
   "elbo_tail": [
    -112289030.84246716
   ],
   "elbo_dips": 0,
   "path": "svi",
   "steps": 687,
   "batch": 65536,
   "elbo_sub_trace": [
    -798461.675191358,
    -791947.0577585651,
    -790231.4781870244,
    -790719.0149659582,
    -792667.2998302605,
    -794304.2166537925,
    -795043.8809561647,
    -795358.606063548,
    -795208.055373745,
    -794947.7381930831,
    -794428.4273706169,
    -793979.8941509515,
    -793557.6772796904,
    -793199.9928344868,
    -792867.6417435054,
    -792496.7464121938,
    -792184.9825780923,
    -791884.5807551373,
    -791567.3726935964,
    -791358.0051364782,
    -791085.4785227557,
    -790906.74783738,
    -790761.7562815626,
    -790661.2900844134,
    -790582.4881875619,
    -790577.7059136361,
    -790686.7092131801,
    -790780.0019118797
   ],
   "elbo_full_final": -112289030.84246716
  },
  {
   "tile": 1,
   "grid_index": [
    1,
    0
   ],
   "n_points": 9230288,
   "weighted_points": 8672630.5,
   "alpha_t": 0.1621052429906542,
   "seconds": 28.977240416686982,
   "khat_count": 8,
   "khat_entropy": 4.9129193103104924,
   "elbo_trace": [
    -64351169.27994545
   ],
   "elbo_tail": [
    -64351169.27994545
   ],
   "elbo_dips": 0,
   "path": "svi",
   "steps": 423,
   "batch": 65536,
   "elbo_sub_trace": [
    -745265.4543393743,
    -749188.4684403351,
    -756751.755265773,
    -764953.9656315175,
    -771426.8409550177,
    -775684.5856459065,
    -777814.5745526332,
    -779004.606782403,
    -779801.9833582537,
    -780364.4290861931,
    -780227.5402397813,
    -780115.3228500094,
    -780048.3709966621,
    -779903.3532380466,
    -779939.7619446837,
    -779756.3860545899,
    -779692.2676684704
   ],
   "elbo_full_final": -64351169.27994545
  },
  {
   "tile": 2,
   "grid_index": [
    0,
    1
   ],
   "n_points": 5623315,
   "weighted_points": 4860917.25,
   "alpha_t": 0.09085826635514019,
   "seconds": 18.012239708099514,
   "khat_count": 5,
   "khat_entropy": 4.076524348973539,
   "elbo_trace": [
    -30339537.009742007
   ],
   "elbo_tail": [
    -30339537.009742007
   ],
   "elbo_dips": 0,
   "path": "svi",
   "steps": 258,
   "batch": 65536,
   "elbo_sub_trace": [
    -638664.6753514769,
    -624297.1013452288,
    -610256.7049538194,
    -602024.69258444,
    -598931.1864643663,
    -599563.1881779104,
    -602805.3272429962,
    -607865.8218855053,
    -614252.4805059645,
    -621563.8810080119,
    -624017.3489170114
   ],
   "elbo_full_final": -30339537.009742007
  },
  {
   "tile": 3,
   "grid_index": [
    1,
    1
   ],
   "n_points": 6747346,
   "weighted_points": 5965440.25,
   "alpha_t": 0.11150355607476635,
   "seconds": 21.43383637489751,
   "khat_count": 6,
   "khat_entropy": 3.882954396158653,
   "elbo_trace": [
    -36212152.29897793
   ],
   "elbo_tail": [
    -36212152.29897793
   ],
   "elbo_dips": 0,
   "path": "svi",
   "steps": 309,
   "batch": 65536,
   "elbo_sub_trace": [
    -661361.349897381,
    -706304.0995355854,
    -750004.9810487827,
    -782196.1008538464,
    -803825.8095616141,
    -818405.9926091811,
    -827309.7684695993,
    -832934.2037452126,
    -836507.0504239136,
    -838775.4934944788,
    -840450.8598329449,
    -841599.0129935524,
    -841880.0721096096
   ],
   "elbo_full_final": -36212152.29897793
  },
  {
   "tile": 4,
   "grid_index": [
    0,
    2
   ],
   "n_points": 10746121,
   "weighted_points": 9745491.25,
   "alpha_t": 0.18215871495327102,
   "seconds": 34.033852625172585,
   "khat_count": 7,
   "khat_entropy": 5.740348236189448,
   "elbo_trace": [
    -70414073.16323817
   ],
   "elbo_tail": [
    -70414073.16323817
   ],
   "elbo_dips": 0,
   "path": "svi",
   "steps": 492,
   "batch": 65536,
   "elbo_sub_trace": [
    -797686.9207157396,
    -809128.6546335367,
    -824573.5757753956,
    -833243.3999421028,
    -833278.9932419894,
    -823951.3195700882,
    -813772.0665781713,
    -805945.7166414104,
    -799722.7834367679,
    -794395.1098819741,
    -789609.8417644276,
    -785204.3157452572,
    -780888.0841534953,
    -776533.4665011872,
    -771802.9283869617,
    -767016.7812088416,
    -762740.4575332984,
    -759370.0028398341,
    -756684.7116888772,
    -755154.3595391199
   ],
   "elbo_full_final": -70414073.16323817
  },
  {
   "tile": 5,
   "grid_index": [
    1,
    2
   ],
   "n_points": 10843422,
   "weighted_points": 9823284.25,
   "alpha_t": 0.18361278971962616,
   "seconds": 34.5092802089639,
   "khat_count": 7,
   "khat_entropy": 6.50231099153476,
   "elbo_trace": [
    -47215405.33718067
   ],
   "elbo_tail": [
    -47215405.33718067
   ],
   "elbo_dips": 0,
   "path": "svi",
   "steps": 497,
   "batch": 65536,
   "elbo_sub_trace": [
    -1052811.1362025896,
    -1196904.3856244106,
    -1319921.0352478528,
    -1408127.0072734968,
    -1469772.0325133768,
    -1515244.4984067348,
    -1548757.9749683568,
    -1571872.5855028,
    -1588387.5666757312,
    -1602052.9898481332,
    -1612012.389668184,
    -1623308.0398110126,
    -1635848.6790531657,
    -1650783.5941246403,
    -1670538.5270444723,
    -1694716.0480760755,
    -1722402.0797837672,
    -1755709.3945493258,
    -1792043.3956620328,
    -1825445.5867665631
   ],
   "elbo_full_final": -47215405.33718067
  }
 ],
 "matches": [
  {
   "tiles": [
    0,
    1
   ],
   "candidates": 0,
   "accepted": 0,
   "pairs": []
  },
  {
   "tiles": [
    0,
    2
   ],
   "candidates": 0,
   "accepted": 0,
   "pairs": []
  },
  {
   "tiles": [
    0,
    3
   ],
   "candidates": 0,
   "accepted": 0,
   "pairs": []
  },
  {
   "tiles": [
    1,
    2
   ],
   "candidates": 0,
   "accepted": 0,
   "pairs": []
  },
  {
   "tiles": [
    1,
    3
   ],
   "candidates": 0,
   "accepted": 0,
   "pairs": []
  },
  {
   "tiles": [
    2,
    3
   ],
   "candidates": 0,
   "accepted": 0,
   "pairs": []
  },
  {
   "tiles": [
    2,
    4
   ],
   "candidates": 0,
   "accepted": 0,
   "pairs": []
  },
  {
   "tiles": [
    2,
    5
   ],
   "candidates": 0,
   "accepted": 0,
   "pairs": []
  },
  {
   "tiles": [
    3,
    4
   ],
   "candidates": 0,
   "accepted": 0,
   "pairs": []
  },
  {
   "tiles": [
    3,
    5
   ],
   "candidates": 0,
   "accepted": 0,
   "pairs": []
  },
  {
   "tiles": [
    4,
    5
   ],
   "candidates": 0,
   "accepted": 0,
   "pairs": []
  }
 ],
 "merge": {
  "accepted_pairs": 0,
  "merge_sets": 0,
  "set_sizes": [],
  "khat_pre": 42,
  "khat_post": 42,
  "khat_entropy_global": 32.212818663919435,
  "match_seconds": 0.26415604213252664
 },