{
 "name": "mar19_ho",
 "config": {
  "record": "experiments/out/mar19_ho_record.json",
  "model": "experiments/out/mar19_ho_model.npz",
  "input": "/Users/donga2/dp-splat-data/h3d/Epoch_March2019/LiDAR/Mar19_train.laz",
  "samples": 200000,
  "seed": 3,
  "chunk": 131072
 },
 "n_samples": 200000,
 "n_pairs": 58,
 "acceptance_rate": 0.9223466666666666,
 "samples_per_tile": {
  "0": 10745,
  "2": 21153,
  "3": 1855,
  "4": 36192,
  "5": 19995,
  "6": 19839,
  "7": 7122,
  "8": 11257,
  "9": 14567,
  "10": 39083,
  "11": 18192
 },
 "plane_fallback_fraction": 0.0,
 "error_summary": {
  "mean": 1.5160780836280319,
  "median": 0.6523563901000664,
  "p95": 5.368113371647346
 },
 "nn_dist_summary": {
  "median": 0.8203201740364745,
  "p95": 6.102613566355507
 },
 "fractions": [
  0.0,
  0.02,
  0.04,
  0.06,
  0.08,
  0.1,
  0.12,
  0.14,
  0.16,
  0.18,
  0.2,
  0.22,
  0.24,
  0.26,
  0.28,
  0.3,
  0.32,
  0.34,
  0.36,
  0.38,
  0.4,
  0.42,
  0.44,
  0.46,
  0.48,
  0.5,
  0.52,
  0.54,
  0.56,
  0.58,
  0.6,
  0.62,
  0.64,
  0.66,
  0.68,
  0.7000000000000001,
  0.72,
  0.74,
  0.76,
  0.78,
  0.8,
  0.8200000000000001,
  0.84,
  0.86,
  0.88,
  0.9,
  0.92,
  0.9400000000000001,
  0.96,
  0.98
 ],
 "u_variants": {
  "sqrt_mean_marginal_var": {
   "global_": {
    "ause": 0.6213711843320596,
    "aurg": 0.1224267849514401,
    "curve_u": [
     0.9999999999999889,
     0.9680978154428672,
     0.9430707356341166,
     0.9405618201057219,
     0.9419719403742454,
     0.9346144387547505,
     0.9234801154805005,
     0.9034861349087178,
     0.9207068343506605,
     0.9387781793468284,
     0.9417556667584046,
     0.9318357941939595,
     0.9298943637360195,
     0.949357733779227,
     0.9695070815251408,
     0.9794621328629786,
     0.96530791641045,
     0.9521179669015374,
     0.934819146781343,
     0.9066609483093744,
     0.8850481738325722,
     0.8730743311674694,
     0.8756214958773997,
     0.8854548231058929,
     0.8731399842348483,
     0.8821899189855317,
     0.9015082697775448,
     0.9060512675588229,
     0.9223000293712323,
     0.9066601746910283,
     0.8877461096765277,
     0.9081417605920602,
     0.9105072092084957,
     0.9133093688171429,
     0.8622370890208946,
     0.8382747963955807,
     0.81779359525673,
     0.7823050369577982,
     0.7940058014783374,
     0.8137293380828496,
     0.8043063304216195,
     0.7934829003018807,
     0.8116328856637758,
     0.7646943899677408,
     0.770837627957689,
     0.7943174566151164,
     0.7717363013308659,
     0.5753144172967335,
     0.624465923030947,
     0.7528231768651727
    ],
    "curve_oracle": [
     1.0000000000000038,
     0.8282849639459497,
     0.750518844544869,
     0.690850734754556,
     0.6400566643607026,
     0.5953186370076855,
     0.5551415515754222,
     0.518526447803531,
     0.48490759461395694,
     0.45378791800641793,
     0.4248949925876591,
     0.39794371140101137,
     0.372690114467824,
     0.34903380579747806,
     0.3268156917794146,
     0.3059223541230917,
     0.2862868422336006,
     0.2678114688610183,
     0.2504046349511207,
     0.2340294587709795,
     0.21862136015167505,
     0.2041540408474754,
     0.19055398172327176,
     0.1777324994604699,
     0.16561808166506695,
     0.1542217138780857,
     0.14350653310089936,
     0.13343235644399656,
     0.12394075541945818,
     0.11499718891278549,
     0.10654060245808779,
     0.09858041632475549,
     0.09108243947533912,
     0.08397217194815934,
     0.07722111041207072,
     0.0707916984255756,
     0.06463788208519447,
     0.05876429417187578,
     0.05314052906534035,
     0.04775987191714233,
     0.04259865324935436,
     0.03761984869648603,
     0.032852944666412434,
     0.02828786022294171,
     0.02386324685991109,
     0.019533891930242173,
     0.015355108747221659,
     0.011339494758412314,
     0.007447898557625821,
     0.0036620739998971825
    ],
    "curve_random": [
     0.9999999999999991,
     1.0001367456644783,
     1.0004525461821605,
     1.000233601610559,
     1.0002596879737446,
     1.0001576752088248,
     1.0002430188089733,
     1.0007743016339627,
     1.0007769000131153,
     1.0005605761298233,
     1.0002359787762074,
     1.0002073470372912,
     0.9996388356227813,
     0.9992189898877782,
     0.9991009768015563,
     0.9993358738571961,
     1.0001263822442312,
     0.9994497614339161,
     0.9988912436825523,
     0.9993090013265222,
     0.9987536897501198,
     0.9986554585051058,
     0.9989685375875528,
     0.9984532771389608,
     0.9986600234677757,
     0.9985177444845238,
     0.99831594763158,
     0.9979565136370585,
     0.9986385701698463,
     0.9994636835883283,
     0.9998243987942647,
     1.0001627462828597,
     1.0003438159972589,
     1.000000272133443,
     0.9998422466316532,
     1.0018090206460888,
     1.0028263337350614,
     1.0031266297211445,
     1.0035019323692684,
     1.0012469405808089,
     1.002731723806488,
     1.0029053597831128,
     1.0032380025008654,
     1.0009845975289835,
     0.9993744701425994,
     1.0043981661980654,
     0.9976439784041367,
     1.0049255087399258,
     1.00330689139638,
     1.01087696617525
    ]
   },
   "spearman_u_abs_e": {
    "rho": 0.07139634289617824,
    "p": 2.8476070703386205e-224
   },
   "spearman_u_density": {
    "rho": -0.07055464049678144,
    "p": 4.72946927666109e-219
   },
   "density_terciles": [
    {
     "n": 66667,
     "density_range": [
      5.750255301239081e-06,
      0.2958723924895601
     ],
     "ause": 0.4637664343397244,
     "aurg": 0.04221917951328007
    },
    {
     "n": 66666,
     "density_range": [
      0.29588389633961065,
      20.807541891620478
     ],
     "ause": 0.37904764178093514,
     "aurg": 0.03789925696545536
    },
    {
     "n": 66667,
     "density_range": [
      20.808712710026608,
      579418.0614435513
     ],
     "ause": 0.5874579424278287,
     "aurg": -0.03292501755698813
    }
   ],
   "per_tile": [
    {
     "tile": 0,
     "n": 10745,
     "ause": 0.4844102823355652,
     "aurg": 0.1378334639170821
    },
    {
     "tile": 2,
     "n": 21153,
     "ause": 0.5761900358638805,
     "aurg": 0.11087513854883542
    },
    {
     "tile": 3,
     "n": 1855,
     "ause": 0.6292477876458941,
     "aurg": 0.04341136060016888
    },
    {
     "tile": 4,
     "n": 36192,
     "ause": 0.6798245869941449,
     "aurg": 0.021503105676842618
    },
    {
     "tile": 5,
     "n": 19995,
     "ause": 0.6996724182405777,
     "aurg": -0.009087612163919059
    },
    {
     "tile": 6,
     "n": 19839,
     "ause": 0.5071309385329666,
     "aurg": 0.25540094510702405
    },
    {
     "tile": 7,
     "n": 7122,
     "ause": 1.1809693198840543,
     "aurg": -0.4354536533136672
    },
    {
     "tile": 8,
     "n": 11257,
     "ause": 0.46670534721614826,
     "aurg": 0.20602347115461006
    },
    {
     "tile": 9,
     "n": 14567,
     "ause": 0.5083396675480608,
     "aurg": 0.22109445099012115
    },
    {
     "tile": 10,
     "n": 39083,
     "ause": 0.82425552263588,
     "aurg": -0.027586457945696304
    },
    {
     "tile": 11,
     "n": 18192,
     "ause": 0.5967696263652053,
     "aurg": 0.1476827878959437
    }
   ]
  },
  "neg_log_predictive": {
   "global_": {
    "ause": 0.21310720943648817,
    "aurg": 0.5315803978692665,