{
 "config": {
  "input": "/Users/donga2/dp-splat-data/h3d/Epoch_March2019/LiDAR/Mar19_train.laz",
  "name": "mar19_train",
  "out_dir": "/Users/donga2/Library/Mobile Documents/com~apple~CloudDocs/DP_Splat/dp-splat-uav/experiments/out",
  "subsample": null,
  "seed": 0,
  "target_tile_points": 10000000.0,
  "halo": 5.0,
  "alpha": 1.0,
  "truncation": 64,
  "max_iters": 200,
  "tol": 1e-06,
  "svi_threshold": 2000000.0,
  "svi_batch": 65536,
  "svi_epochs": 3.0,
  "svi_eval_every": 25,
  "svi_eval_points": 100000,
  "n_min": 1.0,
  "min_tile_points": 1000,
  "match_margin": null,
  "chunk": 262144
 },
 "name": "mar19_train",
 "n_points": 119029358,
 "extras_fields": [
  "classification"
 ],
 "rgb_range": [
  0.0,
  0.9961089494163424
 ],
 "origin": [
  513884.72275758744,
  5426944.084610732,
  246.74025444068513
 ],
 "grid": {
  "shape": [
   2,
   6
  ],
  "n_tiles": 12,
  "halo": 5.0,
  "bbox_lo": [
   -117.32076474023052,
   -457.5066078286618
  ],
  "bbox_hi": [
   195.77925655053696,
   325.68241801671684
  ]
 },
 "alpha_t": [
  0.05481723256879198,
  0.0,
  0.10987339778813224,
  0.012131574296149694,
  0.17937319295631252,
  0.10043013505962117,
  0.09599908746882428,
  0.03646549324411209,
  0.05642925294111054,
  0.07474043294428254,
  0.18882226097531332,
  0.09091793975734962
 ],
 "tiles": [
  {
   "tile": 0,
   "grid_index": [
    0,
    0
   ],
   "n_points": 6858814,
   "weighted_points": 6524860.0,
   "alpha_t": 0.05481723256879198,
   "seconds": 26.582036667037755,
   "khat_count": 2,
   "khat_entropy": 1.8894789425803022,
   "elbo_trace": [
    -60223186.61291525
   ],
   "elbo_tail": [
    -60223186.61291525
   ],
   "elbo_dips": 0,
   "path": "svi",
   "steps": 314,
   "batch": 65536,
   "elbo_sub_trace": [
    -879769.3725304941,
    -879261.279490335,
    -879133.5676366303,
    -879087.3761301592,
    -879069.1988748331,
    -879061.3872931594,
    -879058.7190188405,
    -879058.3895667993,
    -879057.7596303464,
    -879060.141281401,
    -879060.6495990097,
    -879060.4000554662,
    -879060.6590821982
   ],
   "elbo_full_final": -60223186.61291525
  },
  {
   "tile": 1,
   "grid_index": [
    1,
    0
   ],
   "n_points": 0,
   "weighted_points": 0.0,
   "alpha_t": 0.0,
   "seconds": 0.0,
   "khat_count": 0,
   "khat_entropy": 0.0,
   "elbo_trace": [],
   "elbo_tail": [],
   "elbo_dips": 0,
   "path": "skipped"
  },
  {
   "tile": 2,
   "grid_index": [
    0,
    1
   ],
   "n_points": 14706863,
   "weighted_points": 13078160.0,
   "alpha_t": 0.10987339778813224,
   "seconds": 78.42511725006625,
   "khat_count": 3,
   "khat_entropy": 2.962139472237367,
   "elbo_trace": [
    -121865718.31737396
   ],
   "elbo_tail": [
    -121865718.31737396
   ],
   "elbo_dips": 0,
   "path": "svi",
   "steps": 674,
   "batch": 65536,
   "elbo_sub_trace": [
    -852012.6495040819,
    -848376.9825000695,
    -845867.2373721831,
    -843845.0310769029,
    -842209.7081140924,
    -840890.0036522116,
    -839797.1824010988,
    -838892.4521984098,
    -838146.4362600496,
    -837509.2436037431,
    -836965.4749808767,
    -836489.5668672376,
    -836066.8175167525,
    -835681.5882956808,
    -835324.4673960326,
    -834993.9035670299,
    -834682.2126256832,
    -834386.1806893086,
    -834103.4095943227,
    -833831.6825051515,
    -833574.0106123865,
    -833327.7533079173,
    -833091.5698623611,
    -832869.2240676895,
    -832657.3887748764,
    -832456.4489007973,
    -832273.3081898016
   ],
   "elbo_full_final": -121865718.31737396
  },
  {
   "tile": 3,
   "grid_index": [
    1,
    1
   ],
   "n_points": 2281681,
   "weighted_points": 1444013.5,
   "alpha_t": 0.012131574296149694,
   "seconds": 7.676498833112419,
   "khat_count": 1,
   "khat_entropy": 1.0000001651743593,
   "elbo_trace": [
    -11655617.377485069
   ],
   "elbo_tail": [
    -11655617.377485069
   ],
   "elbo_dips": 0,
   "path": "svi",
   "steps": 105,
   "batch": 65536,
   "elbo_sub_trace": [
    -511017.7928307106,
    -510990.8636570747,
    -510988.1929335224,
    -510988.76630428905,
    -510988.93203661364
   ],
   "elbo_full_final": -11655617.377485069
  },
  {
   "tile": 4,
   "grid_index": [
    0,
    2
   ],
   "n_points": 22960815,
   "weighted_points": 21350676.0,
   "alpha_t": 0.17937319295631252,
   "seconds": 85.38039804110304,
   "khat_count": 6,
   "khat_entropy": 5.28956417778757,
   "elbo_trace": [
    -183594359.8996986
   ],
   "elbo_tail": [
    -183594359.8996986
   ],
   "elbo_dips": 0,
   "path": "svi",
   "steps": 1052,
   "batch": 65536,
   "elbo_sub_trace": [
    -863771.3728797671,
    -863296.2742178289,
    -866529.4328317782,
    -871938.1778581121,
    -879857.5736234224,
    -890719.6196755889,
    -903911.3516293257,
    -918197.8207901705,
    -932386.3035351778,
    -946168.8939127992,
    -959662.1925047617,
    -972518.2291674324,
    -985031.576668358,
    -996791.1700446673,
    -1007888.9222162466,
    -1017747.9955046604,
    -1027130.1329796212,
    -1035965.7157818488,
    -1044752.3936329487,
    -1053001.0829238868,
    -1060260.1730960207,
    -1066879.4414205553,
    -1072324.798572813,
    -1075911.4693002577,
    -1077994.265419968,
    -1078717.8400419704,
    -1078179.626783632,
    -1077728.5472359983,
    -1077777.4144409455,
    -1079278.187735406,
    -1081196.8755416288,
    -1083550.9485908812,
    -1085718.6507248394,
    -1087961.3621291046,
    -1090010.7116745415,
    -1092002.9380979487,
    -1093636.381106378,
    -1095237.7482782374,
    -1096831.4122982034,
    -1097972.8402294782,
    -1099111.072168258,
    -1100055.4336594506,
    -1100139.8447361805
   ],
   "elbo_full_final": -183594359.8996986
  },
  {
   "tile": 5,
   "grid_index": [
    1,
    2
   ],
   "n_points": 13107192,
   "weighted_points": 11954134.5,
   "alpha_t": 0.10043013505962117,
   "seconds": 44.65708062518388,
   "khat_count": 5,
   "khat_entropy": 4.421811461509693,
   "elbo_trace": [
    -106683941.53250352
   ],
   "elbo_tail": [
    -106683941.53250352
   ],
   "elbo_dips": 0,
   "path": "svi",
   "steps": 600,
   "batch": 65536,
   "elbo_sub_trace": [
    -861100.284797041,
    -860095.2801399874,
    -860530.1815966541,
    -860903.6587527564,
    -861145.4023187342,
    -861298.5974169158,
    -861476.677830239,
    -861616.4706817244,
    -861742.3885358913,
    -861892.9097543422,
    -862069.5297316237,
    -862343.7812654678,
    -862687.969654238,
    -863224.8719445118,
    -864135.6228019986,
    -865668.6107726046,
    -868299.0991670365,
    -872483.0792335962,
    -878432.7973745858,
    -886220.2751368111,
    -895941.1941726184,
    -907769.2317067824,
    -921763.701686047,
    -937944.6246957391
   ],
   "elbo_full_final": -106683941.53250352
  },
  {
   "tile": 6,
   "grid_index": [
    0,
    3
   ],
   "n_points": 12465009,
   "weighted_points": 11426709.75,
   "alpha_t": 0.09599908746882428,
   "seconds": 51.688881209120154,
   "khat_count": 7,
   "khat_entropy": 5.077771730283736,
   "elbo_trace": [
    -85365466.85775319
   ],
   "elbo_tail": [
    -85365466.85775319
   ],
   "elbo_dips": 0,
   "path": "svi",
   "steps": 571,
   "batch": 65536,
   "elbo_sub_trace": [
    -768227.1824016985,
    -762064.0697803261,
    -759659.486559269,
    -757825.5206816941,
    -755874.055212092,
    -754530.8343307901,
    -753295.5082171425,
    -752231.531277393,
    -751427.9251348712,
    -750632.5857647682,
    -749694.9879540686,
    -749082.9203228293,
    -748881.9741871938,
    -748506.9529003398,
    -748043.5713452676,
    -747519.7369409578,
    -747119.396582826,
    -746706.283621624,
    -746389.235541971,
    -746104.7021612633,
    -745881.7760961583,
    -745707.3005139848,
    -745607.2305750919
   ],
   "elbo_full_final": -85365466.85775319
  },
  {
   "tile": 7,
   "grid_index": [
    1,
    3
   ],
   "n_points": 4960710,
   "weighted_points": 4340464.25,
   "alpha_t": 0.03646549324411209,
   "seconds": 23.430661709047854,
   "khat_count": 3,
   "khat_entropy": 1.4355410004249376,