{
 "config": {
  "input": "/Users/donga2/dp-splat-data/h3d/Epoch_November2018/LiDAR/Nov18_train.laz",
  "name": "nov18_ho",
  "out_dir": "/Users/donga2/Library/Mobile Documents/com~apple~CloudDocs/DP_Splat/dp-splat-uav/experiments/out",
  "subsample": 116000000,
  "seed": 0,
  "target_tile_points": 10000000.0,
  "halo": 5.0,
  "alpha": 1.0,
  "truncation": 64,
  "max_iters": 200,
  "tol": 1e-06,
  "svi_threshold": 2000000.0,
  "svi_batch": 65536,
  "svi_epochs": 3.0,
  "svi_eval_every": 25,
  "svi_eval_points": 100000,
  "n_min": 1.0,
  "min_tile_points": 1000,
  "match_margin": null,
  "chunk": 262144
 },
 "name": "nov18_ho",
 "n_points": 116000000,
 "extras_fields": [
  "classification"
 ],
 "rgb_range": [
  0.0,
  0.9961089494163424
 ],
 "origin": [
  513879.49387078086,
  5426926.022589834,
  245.7816538617829
 ],
 "grid": {
  "shape": [
   2,
   6
  ],
  "n_tiles": 12,
  "halo": 5.0,
  "bbox_lo": [
   -112.09286991943372,
   -439.4445869307965
  ],
  "bbox_hi": [
   200.98212726291968,
   343.74443891458213
  ]
 },
 "alpha_t": [
  0.07421282327586207,
  0.0,
  0.13098940301724138,
  0.010953601293103448,
  0.16339751077586206,
  0.11106242025862069,
  0.08449907112068966,
  0.03924892887931034,
  0.0537986099137931,
  0.07366717025862068,
  0.1681233146551724,
  0.09004714655172413
 ],
 "tiles": [
  {
   "tile": 0,
   "grid_index": [
    0,
    0
   ],
   "n_points": 9268160,
   "weighted_points": 8608687.5,
   "alpha_t": 0.07421282327586207,
   "seconds": 31.466640499886125,
   "khat_count": 5,
   "khat_entropy": 4.0219279934259164,
   "elbo_trace": [
    -65066675.26846405
   ],
   "elbo_tail": [
    -65066675.26846405
   ],
   "elbo_dips": 0,
   "path": "svi",
   "steps": 425,
   "batch": 65536,
   "elbo_sub_trace": [
    -744886.9825936691,
    -734033.6071780393,
    -727176.3195255958,
    -722679.4163659508,
    -719754.6445235609,
    -717808.0288554606,
    -716425.9171372068,
    -715374.9168914651,
    -714570.6034805462,
    -713911.2770604953,
    -713429.0632689068,
    -713103.8372551579,
    -712879.6857799878,
    -712718.4926997623,
    -712593.8083723166,
    -712497.3861421822,
    -712419.8841047968
   ],
   "elbo_full_final": -65066675.26846405
  },
  {
   "tile": 1,
   "grid_index": [
    1,
    0
   ],
   "n_points": 0,
   "weighted_points": 0.0,
   "alpha_t": 0.0,
   "seconds": 0.0,
   "khat_count": 0,
   "khat_entropy": 0.0,
   "elbo_trace": [],
   "elbo_tail": [],
   "elbo_dips": 0,
   "path": "skipped"
  },
  {
   "tile": 2,
   "grid_index": [
    0,
    1
   ],
   "n_points": 16914693,
   "weighted_points": 15194770.75,
   "alpha_t": 0.13098940301724138,
   "seconds": 52.59132383298129,
   "khat_count": 7,
   "khat_entropy": 6.1863633991956934,
   "elbo_trace": [
    -112740686.36573921
   ],
   "elbo_tail": [
    -112740686.36573921
   ],
   "elbo_dips": 0,
   "path": "svi",
   "steps": 775,
   "batch": 65536,
   "elbo_sub_trace": [
    -834760.490410743,
    -852731.0859724049,
    -859213.8558460369,
    -865203.492312983,
    -872463.8292043034,
    -881445.0661044782,
    -891391.7274226948,
    -900850.0502936211,
    -909287.7739930166,
    -916442.621836878,
    -922160.4948527517,
    -926939.7858544325,
    -931057.0018706864,
    -934389.6676756353,
    -937339.4011598562,
    -940157.6449180768,
    -942309.2857565911,
    -944205.4880207543,
    -945987.4293286954,
    -947379.1363825133,
    -948812.3819089427,
    -950092.7006126302,
    -951211.0696829046,
    -952431.5853319601,
    -953562.9768552498,
    -954870.467538799,
    -955776.8643900132,
    -956980.8763600913,
    -958225.9832126079,
    -959122.1632687855,
    -960274.3483349008
   ],
   "elbo_full_final": -112740686.36573921
  },
  {
   "tile": 3,
   "grid_index": [
    1,
    1
   ],
   "n_points": 2043848,
   "weighted_points": 1270617.75,
   "alpha_t": 0.010953601293103448,
   "seconds": 6.85713866725564,
   "khat_count": 1,
   "khat_entropy": 1.0000001692202283,
   "elbo_trace": [
    -8202000.250243422
   ],
   "elbo_tail": [
    -8202000.250243422
   ],
   "elbo_dips": 0,
   "path": "svi",
   "steps": 94,
   "batch": 65536,
   "elbo_sub_trace": [
    -401971.72665940836,
    -401945.54659648135,
    -401943.94774290704,
    -401944.41245183867
   ],
   "elbo_full_final": -8202000.250243422
  },
  {
   "tile": 4,
   "grid_index": [
    0,
    2
   ],
   "n_points": 20523900,
   "weighted_points": 18954111.25,
   "alpha_t": 0.16339751077586206,
   "seconds": 64.05167837487534,
   "khat_count": 7,
   "khat_entropy": 5.561121097213806,
   "elbo_trace": [
    -154610111.82198384
   ],
   "elbo_tail": [
    -154610111.82198384
   ],
   "elbo_dips": 0,
   "path": "svi",
   "steps": 940,
   "batch": 65536,
   "elbo_sub_trace": [
    -807438.6224512857,
    -808809.6042221251,
    -821637.524883414,
    -838364.8564210273,
    -854951.250031288,
    -868931.2251548108,
    -879824.9793161966,
    -887650.7374097593,
    -893402.3771079698,
    -897213.6855882537,
    -900003.2235353206,
    -901761.6434515824,
    -902829.0734718877,
    -903509.5077670232,
    -903858.7774054821,
    -904058.6121759282,
    -904247.5258655578,
    -904316.6468193566,
    -904269.8747953755,
    -904174.0047656773,
    -903996.9304768542,
    -903878.9819370116,
    -903766.074888453,
    -903631.6482631587,
    -903570.0447839481,
    -903380.5856519744,
    -903223.8755008727,
    -903197.8352343957,
    -903351.6782015964,
    -903280.3862912942,
    -903242.7661706965,
    -903320.1394973001,
    -903393.9274181748,
    -903440.3899803489,
    -903740.9398170975,
    -904053.7992222279,
    -904462.9071281988,
    -904833.0435382753
   ],
   "elbo_full_final": -154610111.82198384
  },
  {
   "tile": 5,
   "grid_index": [
    1,
    2
   ],
   "n_points": 14165810,
   "weighted_points": 12883240.75,
   "alpha_t": 0.11106242025862069,
   "seconds": 44.149065708275884,
   "khat_count": 6,
   "khat_entropy": 4.9272821186783515,
   "elbo_trace": [
    -90254023.36982647
   ],
   "elbo_tail": [
    -90254023.36982647
   ],
   "elbo_dips": 0,
   "path": "svi",
   "steps": 649,
   "batch": 65536,
   "elbo_sub_trace": [
    -732461.1531082132,
    -748075.7512143465,
    -784704.7323977448,
    -837573.8855624653,
    -903360.2689166629,
    -975564.8741581815,
    -1045350.0781671391,
    -1107039.6304643739,
    -1156819.9829365427,
    -1196076.2040079397,
    -1225330.1609867674,
    -1247815.8094442806,
    -1265099.449188404,
    -1277415.8084006608,
    -1286796.1269360501,
    -1293929.6457851294,
    -1300438.7811602636,
    -1305182.324657136,
    -1309930.8680936256,
    -1312986.1643035018,
    -1316414.9261910105,
    -1319996.0635770743,
    -1323250.62888343,
    -1325742.821384286,
    -1329400.7712894613,
    -1333175.0920031285
   ],
   "elbo_full_final": -90254023.36982647
  },
  {
   "tile": 6,
   "grid_index": [
    0,
    3
   ],
   "n_points": 10755317,
   "weighted_points": 9801892.25,
   "alpha_t": 0.08449907112068966,
   "seconds": 33.81421366613358,
   "khat_count": 4,
   "khat_entropy": 3.6217198542417504,
   "elbo_trace": [
    -72676601.19673996
   ],
   "elbo_tail": [
    -72676601.19673996
   ],
   "elbo_dips": 0,
   "path": "svi",
   "steps": 493,
   "batch": 65536,
   "elbo_sub_trace": [
    -735519.4527861451,
    -728999.4597599658,
    -725946.6054224939,
    -724143.9587826228,
    -722921.501931833,
    -722091.5674812689,
    -721533.6583024205,
    -721101.4142582811,
    -720799.2150125675,
    -720469.5836253279,
    -720267.0059240634,
    -720120.8193585977,
    -719946.7155592892,
    -719839.379065768,
    -719738.185419122,
    -719613.6173708753,
    -719503.2240925609,
    -719470.5835717844,
    -719415.9186671964,
    -719394.8303838676
   ],
   "elbo_full_final": -72676601.19673996
  },
  {
   "tile": 7,
   "grid_index": [
    1,
    3
   ],
   "n_points": 5180440,
   "weighted_points": 4552875.75,
   "alpha_t": 0.03924892887931034,
   "seconds": 16.546297874767333,
   "khat_count": 4,