{
 "config": {
  "input": "/Users/donga2/dp-splat-data/h3d/Epoch_November2018/LiDAR/Nov18_train.laz",
  "name": "nov18_rich",
  "out_dir": "/Users/donga2/Library/Mobile Documents/com~apple~CloudDocs/DP_Splat/dp-splat-uav/experiments/out",
  "subsample": 116000000,
  "seed": 0,
  "target_tile_points": 10000000.0,
  "halo": 5.0,
  "alpha": 100.0,
  "truncation": 256,
  "max_iters": 200,
  "tol": 1e-06,
  "svi_threshold": 2000000.0,
  "svi_batch": 65536,
  "svi_epochs": 3.0,
  "svi_eval_every": 25,
  "svi_eval_points": 100000,
  "n_min": 1.0,
  "min_tile_points": 1000,
  "match_margin": null,
  "chunk": 262144
 },
 "name": "nov18_rich",
 "n_points": 116000000,
 "extras_fields": [
  "classification"
 ],
 "rgb_range": [
  0.0,
  0.9961089494163424
 ],
 "origin": [
  513879.49387078086,
  5426926.022589834,
  245.7816538617829
 ],
 "grid": {
  "shape": [
   2,
   6
  ],
  "n_tiles": 12,
  "halo": 5.0,
  "bbox_lo": [
   -112.09286991943372,
   -439.4445869307965
  ],
  "bbox_hi": [
   200.98212726291968,
   343.74443891458213
  ]
 },
 "alpha_t": [
  7.421282327586207,
  0.0,
  13.098940301724138,
  1.0953601293103448,
  16.339751077586207,
  11.10624202586207,
  8.449907112068965,
  3.9248928879310343,
  5.37986099137931,
  7.366717025862069,
  16.812331465517243,
  9.004714655172414
 ],
 "tiles": [
  {
   "tile": 0,
   "grid_index": [
    0,
    0
   ],
   "n_points": 9268160,
   "weighted_points": 8608687.5,
   "alpha_t": 7.421282327586207,
   "seconds": 120.0169072910212,
   "khat_count": 98,
   "khat_entropy": 59.733573799390335,
   "elbo_trace": [
    -44921431.897143446
   ],
   "elbo_tail": [
    -44921431.897143446
   ],
   "elbo_dips": 0,
   "path": "svi",
   "steps": 425,
   "batch": 65536,
   "elbo_sub_trace": [
    -959598.3699062805,
    -1092904.9271817629,
    -1195420.9264908326,
    -1287561.5789843975,
    -1374976.670720632,
    -1456510.2536858988,
    -1529282.8214538414,
    -1590231.1210482747,
    -1642004.573756757,
    -1685610.6167896723,
    -1723593.2555444152,
    -1757904.292831672,
    -1789713.0556144288,
    -1819376.7712298168,
    -1846220.1270790445,
    -1871267.3533316327,
    -1893631.1183347288
   ],
   "elbo_full_final": -44921431.897143446
  },
  {
   "tile": 1,
   "grid_index": [
    1,
    0
   ],
   "n_points": 0,
   "weighted_points": 0.0,
   "alpha_t": 0.0,
   "seconds": 0.0,
   "khat_count": 0,
   "khat_entropy": 0.0,
   "elbo_trace": [],
   "elbo_tail": [],
   "elbo_dips": 0,
   "path": "skipped"
  },
  {
   "tile": 2,
   "grid_index": [
    0,
    1
   ],
   "n_points": 16914693,
   "weighted_points": 15194770.75,
   "alpha_t": 13.098940301724138,
   "seconds": 190.24492283398286,
   "khat_count": 142,
   "khat_entropy": 89.41405126983707,
   "elbo_trace": [
    -80740104.8439178
   ],
   "elbo_tail": [
    -80740104.8439178
   ],
   "elbo_dips": 0,
   "path": "svi",
   "steps": 775,
   "batch": 65536,
   "elbo_sub_trace": [
    -1335484.6642209513,
    -1655379.1585712302,
    -1884117.4595766063,
    -2060060.2489562505,
    -2202023.967315784,
    -2320003.709825723,
    -2417561.42822377,
    -2503053.066164169,
    -2576226.571489441,
    -2639749.8650728697,
    -2693024.394757723,
    -2737710.175056828,
    -2776936.6800670875,
    -2811233.9266359657,
    -2839921.9945070497,
    -2864740.4124524677,
    -2887067.2071453435,
    -2906542.8024182087,
    -2923288.5703877034,
    -2939340.8088065214,
    -2951980.6427356517,
    -2963396.7887150533,
    -2975338.918178676,
    -2986114.6345121115,
    -2996650.527611975,
    -3007045.396098357,
    -3016249.054972083,
    -3025175.6540343566,
    -3034736.7796350736,
    -3043117.9977150704,
    -3052418.6721234545
   ],
   "elbo_full_final": -80740104.8439178
  },
  {
   "tile": 3,
   "grid_index": [
    1,
    1
   ],
   "n_points": 2043848,
   "weighted_points": 1270617.75,
   "alpha_t": 1.0953601293103448,
   "seconds": 29.566999208182096,
   "khat_count": 24,
   "khat_entropy": 10.757527791301374,
   "elbo_trace": [
    -5424125.799282561
   ],
   "elbo_tail": [
    -5424125.799282561
   ],
   "elbo_dips": 0,
   "path": "svi",
   "steps": 94,
   "batch": 65536,
   "elbo_sub_trace": [
    -392501.6527040481,
    -420517.5808226392,
    -437144.8440679025,
    -446418.4849834264
   ],
   "elbo_full_final": -5424125.799282561
  },
  {
   "tile": 4,
   "grid_index": [
    0,
    2
   ],
   "n_points": 20523900,
   "weighted_points": 18954111.25,
   "alpha_t": 16.339751077586207,
   "seconds": 231.02880283305421,
   "khat_count": 174,
   "khat_entropy": 105.29229554421309,
   "elbo_trace": [
    -113873239.93191592
   ],
   "elbo_tail": [
    -113873239.93191592
   ],
   "elbo_dips": 0,
   "path": "svi",
   "steps": 940,
   "batch": 65536,
   "elbo_sub_trace": [
    -1411292.3648186007,
    -1851479.2490746689,
    -2201705.3901883084,
    -2469436.6361420276,
    -2675989.7157383496,
    -2837308.402658706,
    -2966924.9099267023,
    -3072310.641826665,
    -3160148.8173496523,
    -3234760.7886852357,
    -3299514.283449419,
    -3355913.882855621,
    -3403587.403452123,
    -3446475.7477328978,
    -3483276.88535743,
    -3516998.140955886,
    -3547989.596910032,
    -3576283.4179430553,
    -3601349.6244373964,
    -3625655.423875913,
    -3647659.228305714,
    -3665802.2807119456,
    -3685336.719497974,
    -3704348.641458921,
    -3720720.4998530494,
    -3736613.438569262,
    -3750963.821391723,
    -3764858.314563707,
    -3778635.5241659456,
    -3791475.1422142438,
    -3803067.2898794827,
    -3814545.696058397,
    -3825271.006722326,
    -3834680.7727244147,
    -3845144.178373012,
    -3855562.8045970504,
    -3864922.852509292,
    -3870363.596542571
   ],
   "elbo_full_final": -113873239.93191592
  },
  {
   "tile": 5,
   "grid_index": [
    1,
    2
   ],
   "n_points": 14165810,
   "weighted_points": 12883240.75,
   "alpha_t": 11.10624202586207,
   "seconds": 218.25714995805174,
   "khat_count": 131,
   "khat_entropy": 67.8523928453533,
   "elbo_trace": [
    -66426891.37710027
   ],
   "elbo_tail": [
    -66426891.37710027
   ],
   "elbo_dips": 0,
   "path": "svi",
   "steps": 649,
   "batch": 65536,
   "elbo_sub_trace": [
    -1619724.8932336504,
    -2083510.819434383,
    -2394695.4644979425,
    -2609449.238044049,
    -2762785.2959344364,
    -2875356.3410542966,
    -2958190.095563368,
    -3019310.4086508616,
    -3066721.3654936613,
    -3103281.5004140073,
    -3134711.503790697,
    -3163773.546824404,
    -3188143.830624367,
    -3209555.4937025458,
    -3230376.1663479204,
    -3249247.4563285396,
    -3268541.2447817745,
    -3285544.762562806,
    -3303342.3764650095,
    -3319519.939306447,
    -3334437.078930387,
    -3349814.983501716,
    -3364842.7541563045,
    -3379361.0849179043,
    -3394294.4562095627,
    -3409130.6727586603
   ],
   "elbo_full_final": -66426891.37710027
  },
  {
   "tile": 6,
   "grid_index": [
    0,
    3
   ],
   "n_points": 10755317,
   "weighted_points": 9801892.25,
   "alpha_t": 8.449907112068965,
   "seconds": 141.92018437525257,
   "khat_count": 89,
   "khat_entropy": 54.15290401853618,
   "elbo_trace": [
    -54053114.210719526
   ],
   "elbo_tail": [
    -54053114.210719526
   ],
   "elbo_dips": 0,
   "path": "svi",
   "steps": 493,
   "batch": 65536,
   "elbo_sub_trace": [
    -1289769.3765074313,
    -1493754.3601691204,
    -1640700.0545942658,
    -1745404.2557126677,
    -1825030.6987814466,
    -1888811.1694412213,
    -1940110.999192126,
    -1983493.9015285335,
    -2020022.4097502488,
    -2050808.2834047894,
    -2077691.778567633,
    -2100464.4925256083,
    -2121098.9594305134,
    -2139525.3615879975,
    -2156618.005461305,
    -2172254.5965934885,
    -2187258.6532552103,
    -2202435.927667501,
    -2216555.4580342574,
    -2227393.352538608
   ],
   "elbo_full_final": -54053114.210719526
  },
  {
   "tile": 7,
   "grid_index": [
    1,
    3
   ],
   "n_points": 5180440,
   "weighted_points": 4552875.75,
   "alpha_t": 3.9248928879310343,