{
 "config": {
  "input": "/Users/donga2/dp-splat-data/h3d/Epoch_November2018/LiDAR/Nov18_train.laz",
  "name": "nov18_train",
  "out_dir": "/Users/donga2/Library/Mobile Documents/com~apple~CloudDocs/DP_Splat/dp-splat-uav/experiments/out",
  "subsample": null,
  "seed": 0,
  "target_tile_points": 10000000.0,
  "halo": 5.0,
  "alpha": 1.0,
  "truncation": 64,
  "max_iters": 200,
  "tol": 1e-06,
  "svi_threshold": 2000000.0,
  "svi_batch": 65536,
  "svi_epochs": 3.0,
  "svi_eval_every": 25,
  "svi_eval_points": 100000,
  "n_min": 1.0,
  "min_tile_points": 1000,
  "match_margin": null,
  "chunk": 262144
 },
 "name": "nov18_train",
 "n_points": 128887190,
 "extras_fields": [
  "classification"
 ],
 "rgb_range": [
  0.0,
  0.9961089494163424
 ],
 "origin": [
  513879.4976274769,
  5426926.024547155,
  245.78158478621856
 ],
 "grid": {
  "shape": [
   2,
   7
  ],
  "n_tiles": 14,
  "halo": 5.0,
  "bbox_lo": [
   -112.09662661550101,
   -439.4465442514047
  ],
  "bbox_hi": [
   200.9783705668524,
   343.74248159397393
  ]
 },
 "alpha_t": [
  0.057938341273481096,
  0.0,
  0.10322417999802773,
  0.0,
  0.17676987138908062,
  0.10165597139638159,
  0.03066051405108607,
  0.020368389597135293,
  0.13202854954010557,
  0.06080864785709115,
  0.011823803048231558,
  0.06249523905362511,
  0.16256885575672803,
  0.07965763703902615
 ],
 "tiles": [
  {
   "tile": 0,
   "grid_index": [
    0,
    0
   ],
   "n_points": 7905231,
   "weighted_points": 7467510.0,
   "alpha_t": 0.057938341273481096,
   "seconds": 37.3690898749046,
   "khat_count": 4,
   "khat_entropy": 3.8012734701043382,
   "elbo_trace": [
    -54940870.45268164
   ],
   "elbo_tail": [
    -54940870.45268164
   ],
   "elbo_dips": 0,
   "path": "svi",
   "steps": 362,
   "batch": 65536,
   "elbo_sub_trace": [
    -758634.7142516875,
    -747257.4232099514,
    -736616.2326267185,
    -723800.2134779796,
    -715205.4604735143,
    -710439.2780360917,
    -707610.4535054624,
    -705824.5079444256,
    -704616.8027345643,
    -703747.0997903323,
    -703049.4364430826,
    -702440.862526413,
    -701872.9021265263,
    -701330.1182590292,
    -701082.2185620102
   ],
   "elbo_full_final": -54940870.45268164
  },
  {
   "tile": 1,
   "grid_index": [
    1,
    0
   ],
   "n_points": 0,
   "weighted_points": 0.0,
   "alpha_t": 0.0,
   "seconds": 0.0,
   "khat_count": 0,
   "khat_entropy": 0.0,
   "elbo_trace": [],
   "elbo_tail": [],
   "elbo_dips": 0,
   "path": "skipped"
  },
  {
   "tile": 2,
   "grid_index": [
    0,
    1
   ],
   "n_points": 14338118,
   "weighted_points": 13304274.5,
   "alpha_t": 0.10322417999802773,
   "seconds": 87.6758345416747,
   "khat_count": 5,
   "khat_entropy": 4.541470891658998,
   "elbo_trace": [
    -99816437.31387831
   ],
   "elbo_tail": [
    -99816437.31387831
   ],
   "elbo_dips": 0,
   "path": "svi",
   "steps": 657,
   "batch": 65536,
   "elbo_sub_trace": [
    -751715.4244026894,
    -742004.5521716689,
    -734316.5924323676,
    -728308.9144288518,
    -723989.6540624695,
    -721172.2365256442,
    -719438.5914234805,
    -718483.6216129182,
    -718085.686353444,
    -718079.7947021342,
    -718328.3963068128,
    -718711.3457932131,
    -719174.1634338552,
    -719672.2373564712,
    -720192.7316586081,
    -720704.1205896265,
    -721222.2355919093,
    -721707.9003432401,
    -722197.4333448258,
    -722664.0256191482,
    -723127.0220233955,
    -723571.2427114802,
    -723978.8321541146,
    -724389.8004486177,
    -724771.5007649482,
    -725159.4254772972,
    -725259.3505700892
   ],
   "elbo_full_final": -99816437.31387831
  },
  {
   "tile": 3,
   "grid_index": [
    1,
    1
   ],
   "n_points": 0,
   "weighted_points": 0.0,
   "alpha_t": 0.0,
   "seconds": 0.0,
   "khat_count": 0,
   "khat_entropy": 0.0,
   "elbo_trace": [],
   "elbo_tail": [],
   "elbo_dips": 0,
   "path": "skipped"
  },
  {
   "tile": 4,
   "grid_index": [
    0,
    2
   ],
   "n_points": 25135529,
   "weighted_points": 22783372.0,
   "alpha_t": 0.17676987138908062,
   "seconds": 85.63678120775148,
   "khat_count": 8,
   "khat_entropy": 6.405785458891737,
   "elbo_trace": [
    -181905937.50967547
   ],
   "elbo_tail": [
    -181905937.50967547
   ],
   "elbo_dips": 0,
   "path": "svi",
   "steps": 1151,
   "batch": 65536,
   "elbo_sub_trace": [
    -834054.2414633062,
    -839326.5999362514,
    -839293.7584303237,
    -836880.5960806572,
    -835696.4032626267,
    -837541.2550848571,
    -842059.3791854602,
    -848703.4691617467,
    -856434.4942337052,
    -864171.6207408133,
    -871498.6565103524,
    -877878.191253341,
    -883826.103837033,
    -888682.5892995582,
    -892828.89940063,
    -896283.4926745956,
    -899034.8181494677,
    -901330.5071000973,
    -903359.1897603146,
    -904856.650079133,
    -906366.903044586,
    -907488.624852325,
    -908438.9848750152,
    -909381.1568155999,
    -910079.2689705868,
    -910853.4479365336,
    -911429.3803851276,
    -911852.9739829121,
    -912239.9594622917,
    -912530.1818010792,
    -912914.6113848103,
    -913247.7756620202,
    -913628.9410702451,
    -913827.1392479392,
    -914182.1565269723,
    -914292.9249563932,
    -914415.4573516069,
    -914516.1201377062,
    -914740.2240195205,
    -914988.5580182596,
    -915240.3324481326,
    -915411.3465280214,
    -915433.2187590721,
    -915673.467916157,
    -915790.2388590013,
    -916028.42068771,
    -916028.7181099032
   ],
   "elbo_full_final": -181905937.50967547
  },
  {
   "tile": 5,
   "grid_index": [
    1,
    2
   ],
   "n_points": 14446929,
   "weighted_points": 13102152.5,
   "alpha_t": 0.10165597139638159,
   "seconds": 47.28290258301422,
   "khat_count": 3,
   "khat_entropy": 2.608503428023377,
   "elbo_trace": [
    -100084624.68998042
   ],
   "elbo_tail": [
    -100084624.68998042
   ],
   "elbo_dips": 0,
   "path": "svi",
   "steps": 662,
   "batch": 65536,
   "elbo_sub_trace": [
    -729105.8106136945,
    -729035.6243412368,
    -730453.7991102849,
    -733438.2813130725,
    -738568.7814861108,
    -746510.2750498522,
    -756953.5967253036,
    -770356.5105207866,
    -786325.4513540474,
    -804104.9897526276,
    -823741.5186585955,
    -844719.6638223698,
    -866941.9030569418,
    -890049.1081549044,
    -914288.8598932273,
    -939336.0449320669,
    -963870.9797606539,
    -988062.212744597,
    -1011399.4924660211,
    -1033789.6568055263,
    -1055047.186667659,
    -1075040.4226470247,
    -1093438.72599196,
    -1110130.3988228622,
    -1126247.8806326278,
    -1140257.6206016897,
    -1147426.4173081694
   ],
   "elbo_full_final": -100084624.68998042
  },
  {
   "tile": 6,
   "grid_index": [
    0,
    3
   ],
   "n_points": 5286590,
   "weighted_points": 3951747.5,
   "alpha_t": 0.03066051405108607,
   "seconds": 20.604099874850363,
   "khat_count": 4,
   "khat_entropy": 3.6851304240949965,
   "elbo_trace": [
    -25488165.90488949
   ],
   "elbo_tail": [
    -25488165.90488949
   ],
   "elbo_dips": 0,
   "path": "svi",
   "steps": 243,
   "batch": 65536,
   "elbo_sub_trace": [
    -536540.2058782278,
    -524223.24658037024,
    -518506.0783935346,
    -516159.7865775919,
    -516760.72518386215,
    -519949.7479555504,
    -525496.701172514,
    -532745.941839498,
    -540907.760917652,
    -546890.5063816723
   ],
   "elbo_full_final": -25488165.90488949
  },
  {
   "tile": 7,
   "grid_index": [
    1,
    3
   ],
   "n_points": 3548809,
   "weighted_points": 2625224.5,
   "alpha_t": 0.020368389597135293,
   "seconds": 11.705041749868542,
   "khat_count": 2,
   "khat_entropy": 1.5612436184222025,
   "elbo_trace": [
    -18756592.88637107
   ],
   "elbo_tail": [
    -18756592.88637107
   ],
   "elbo_dips": 0,
   "path": "svi",
   "steps": 163,
   "batch": 65536,
   "elbo_sub_trace": [
    -580309.0647815284,
    -593336.0429152079,
    -599923.4359821565,
    -603173.718316404,
    -605429.1746339407,
    -606858.4871396895,
    -607247.4005213403
   ],
   "elbo_full_final": -18756592.88637107
  },
  {
   "tile": 8,