{
 "name": "nov18_rich",
 "config": {
  "record": "experiments/out/nov18_rich_record.json",
  "model": "experiments/out/nov18_rich_model.npz",
  "input": "/Users/donga2/dp-splat-data/h3d/Epoch_November2018/LiDAR/Nov18_train.laz",
  "samples": 200000,
  "seed": 3,
  "chunk": 131072
 },
 "n_samples": 200000,
 "n_pairs": 1139,
 "acceptance_rate": 0.92374,
 "samples_per_tile": {
  "0": 15134,
  "2": 25841,
  "3": 1707,
  "4": 32643,
  "5": 22125,
  "6": 17216,
  "7": 7653,
  "8": 10843,
  "9": 14591,
  "10": 34341,
  "11": 17906
 },
 "plane_fallback_fraction": 0.0,
 "error_summary": {
  "mean": 0.5957128429537266,
  "median": 0.26899992655676824,
  "p95": 2.290112614543697
 },
 "nn_dist_summary": {
  "median": 0.31022403606476445,
  "p95": 2.5785617029786985
 },
 "fractions": [
  0.0,
  0.02,
  0.04,
  0.06,
  0.08,
  0.1,
  0.12,
  0.14,
  0.16,
  0.18,
  0.2,
  0.22,
  0.24,
  0.26,
  0.28,
  0.3,
  0.32,
  0.34,
  0.36,
  0.38,
  0.4,
  0.42,
  0.44,
  0.46,
  0.48,
  0.5,
  0.52,
  0.54,
  0.56,
  0.58,
  0.6,
  0.62,
  0.64,
  0.66,
  0.68,
  0.7000000000000001,
  0.72,
  0.74,
  0.76,
  0.78,
  0.8,
  0.8200000000000001,
  0.84,
  0.86,
  0.88,
  0.9,
  0.92,
  0.9400000000000001,
  0.96,
  0.98
 ],
 "u_variants": {
  "sqrt_mean_marginal_var": {
   "global_": {
    "ause": 0.7669206457402757,
    "aurg": -0.042171541452403906,
    "curve_u": [
     1.0000000000000013,
     1.0098350198823582,
     1.0176749783547565,
     1.0248399325443356,
     1.0127910460089877,
     1.0028124136757965,
     1.006768914723607,
     1.0096218083449144,
     1.0201123811028678,
     1.0199542755764432,
     1.026806746865524,
     1.0264638715460332,
     1.0271381728721247,
     1.021832386319189,
     1.023052149653089,
     1.0212682899496501,
     1.0374639664665728,
     1.048320955502294,
     1.0410376766858649,
     1.0505150654499058,
     1.0581940318014096,
     1.069626374709574,
     1.0711596390774436,
     1.0582704351154064,
     1.0729906425275606,
     1.0730248306447239,
     1.0810091988909134,
     1.0958348204767792,
     1.1040243329891002,
     1.1071032968163825,
     1.1011812201853737,
     1.0892064403409458,
     1.093409814805482,
     1.1057090615614162,
     1.0770754018840496,
     1.0914322463360608,
     1.087444218376297,
     1.0850862850152494,
     1.0837243399155174,
     1.0687030778557551,
     1.057701415982174,
     1.0864305905677438,
     1.0379890181276985,
     1.0057837261318987,
     0.9958946159884966,
     0.9991798003151332,
     0.9691877175663387,
     0.9311812382593238,
     0.8951767437218144,
     0.9498375558988197
    ],
    "curve_oracle": [
     0.9999999999999929,
     0.8487368633245529,
     0.7652287647607641,
     0.6993956071662651,
     0.6445067104947982,
     0.5971705829085907,
     0.5555805223680571,
     0.5186282242387342,
     0.48556406461491386,
     0.4556149685815186,
     0.4284591246095459,
     0.4036797704120513,
     0.38091456967130216,
     0.35984252854332865,
     0.3402943338235884,
     0.3220916798456102,
     0.30504228058775573,
     0.2890798085851725,
     0.274048863218441,
     0.259863559006277,
     0.2464060701725868,
     0.23359287718033878,
     0.2213625923405897,
     0.20963585478127295,
     0.19839911055653386,
     0.1876252107247025,
     0.17724592299815026,
     0.16720328437967777,
     0.15749439709350968,
     0.1481294827011065,
     0.13907212819312625,
     0.13030889766636014,
     0.12181814961311428,
     0.11357967354919331,
     0.10553451150881765,
     0.09770002813262141,
     0.09007780841662548,
     0.08263325963322406,
     0.07536792034283242,
     0.06827450277612654,
     0.06136647851755017,
     0.05461014724098321,
     0.048007441399622715,
     0.04159614929480629,
     0.03532867748075728,
     0.02917356304587,
     0.023134825849909217,
     0.017222492497400523,
     0.0114257112096013,
     0.005722244775444639
    ],
    "curve_random": [
     1.0000000000000027,
     1.000115775310587,
     1.0004721652819284,
     1.0003339023955236,
     1.0006899062415038,
     1.0004769867130874,
     1.0003309555178288,
     1.0007620091979887,
     1.0006376933447771,
     1.0003794817048863,
     1.0006143135984829,
     1.0003512549917373,
     0.9996935288411463,
     0.9992970689624513,
     0.9997036851997588,
     0.9998045881866934,
     0.999657248800227,
     1.000314242722329,
     1.000211180197332,
     1.0002129204778092,
     1.0002325970443244,
     1.0000181086507811,
     0.9996778740145885,
     1.0001354023979454,
     0.999304430815726,
     0.9996538717482539,
     0.9995548145820793,
     0.9993854056431147,
     0.9999714654939569,
     1.0003599410214197,
     0.9999019783694832,
     1.0000481085488355,
     1.0008612462666604,
     1.000461903250597,
     0.9998368178103233,
     0.9995907211212315,
     0.9989446182385219,
     0.9979390083741774,
     0.9979643467674202,
     0.9973023522719364,
     0.9977315335913403,
     0.99750114590174,
     0.9971677524440066,
     0.9963427812052381,
     0.9957607789849984,
     0.994237679314461,
     0.9984868591025002,
     0.998401246359181,
     0.996912510647921,
     0.999280250341499
    ]
   },
   "spearman_u_abs_e": {
    "rho": -0.13689666369912237,
    "p": 0.0
   },
   "spearman_u_density": {
    "rho": 0.18341519073262236,
    "p": 0.0
   },
   "density_terciles": [
    {
     "n": 66667,
     "density_range": [
      3.245249962334906e-05,
      6.847973016270805
     ],
     "ause": 0.41351610061114236,
     "aurg": 0.08799181650634127
    },
    {
     "n": 66666,
     "density_range": [
      6.84857247419751,
      155.5797887799973
     ],
     "ause": 0.3802573927639425,
     "aurg": 0.009889943517430137
    },
    {
     "n": 66667,
     "density_range": [
      155.5805365710645,
      307089.28052360436
     ],
     "ause": 0.5088259423546454,
     "aurg": 0.020592812959402875
    }
   ],
   "per_tile": [
    {
     "tile": 0,
     "n": 15134,
     "ause": 0.6344111854174477,
     "aurg": 0.04789822083360522
    },
    {
     "tile": 2,
     "n": 25841,
     "ause": 0.5603795973550036,
     "aurg": 0.11327898379005052
    },
    {
     "tile": 3,
     "n": 1707,
     "ause": 0.7295732441935175,
     "aurg": 0.022328778756436546
    },
    {
     "tile": 4,
     "n": 32643,
     "ause": 0.6437603600311925,
     "aurg": 0.08005030823651797
    },
    {
     "tile": 5,
     "n": 22125,
     "ause": 0.7086601106094041,
     "aurg": 0.026762054001063705
    },
    {
     "tile": 6,
     "n": 17216,
     "ause": 0.7214367762724362,
     "aurg": -0.006169743556755888
    },
    {
     "tile": 7,
     "n": 7653,
     "ause": 0.8164451880018078,
     "aurg": -0.0801490665192737
    },
    {
     "tile": 8,
     "n": 10843,
     "ause": 0.4985813632634448,
     "aurg": 0.1997147193472621
    },
    {
     "tile": 9,
     "n": 14591,
     "ause": 0.7567072757230681,
     "aurg": -0.045561847230967824
    },
    {
     "tile": 10,
     "n": 34341,
     "ause": 0.8124059616536727,
     "aurg": -0.07377766711677279
    },
    {
     "tile": 11,
     "n": 17906,
     "ause": 0.8793469795064521,
     "aurg": -0.19166584487880534
    }
   ]
  },
  "neg_log_predictive": {
   "global_": {
    "ause": 0.20458609687399412,
    "aurg": 0.5211662232534027,