{
 "name": "nov18_ho",
 "config": {
  "record": "experiments/out/nov18_ho_record.json",
  "model": "experiments/out/nov18_ho_model.npz",
  "input": "/Users/donga2/dp-splat-data/h3d/Epoch_November2018/LiDAR/Nov18_train.laz",
  "samples": 200000,
  "seed": 3,
  "chunk": 131072
 },
 "n_samples": 200000,
 "n_pairs": 54,
 "acceptance_rate": 0.9145866666666667,
 "samples_per_tile": {
  "0": 14760,
  "2": 25788,
  "3": 1628,
  "4": 32664,
  "5": 22626,
  "6": 17461,
  "7": 7546,
  "8": 11029,
  "9": 14824,
  "10": 33514,
  "11": 18160
 },
 "plane_fallback_fraction": 0.0,
 "error_summary": {
  "mean": 1.4788343193834455,
  "median": 0.6818883032543961,
  "p95": 5.116955956168949
 },
 "nn_dist_summary": {
  "median": 0.8424530016635774,
  "p95": 5.749237422185453
 },
 "fractions": [
  0.0,
  0.02,
  0.04,
  0.06,
  0.08,
  0.1,
  0.12,
  0.14,
  0.16,
  0.18,
  0.2,
  0.22,
  0.24,
  0.26,
  0.28,
  0.3,
  0.32,
  0.34,
  0.36,
  0.38,
  0.4,
  0.42,
  0.44,
  0.46,
  0.48,
  0.5,
  0.52,
  0.54,
  0.56,
  0.58,
  0.6,
  0.62,
  0.64,
  0.66,
  0.68,
  0.7000000000000001,
  0.72,
  0.74,
  0.76,
  0.78,
  0.8,
  0.8200000000000001,
  0.84,
  0.86,
  0.88,
  0.9,
  0.92,
  0.9400000000000001,
  0.96,
  0.98
 ],
 "u_variants": {
  "sqrt_mean_marginal_var": {
   "global_": {
    "ause": 0.5893430855230599,
    "aurg": 0.141294234721178,
    "curve_u": [
     0.9999999999999839,
     0.9729851725088593,
     0.964188204194795,
     0.9549143924181884,
     0.9513394599335104,
     0.9586659208022713,
     0.9694138379282591,
     0.9807200255548167,
     0.9704546266804283,
     0.951449081151094,
     0.9370769527074533,
     0.9198727469849627,
     0.9374362256160239,
     0.9580331337161283,
     0.9637289185077696,
     0.9483455928324582,
     0.928455265230526,
     0.9357276353071281,
     0.9360921977363355,
     0.9270774182840252,
     0.9315446240693239,
     0.9455122041268734,
     0.938990744113269,
     0.9171429581348642,
     0.9000658859023956,
     0.8857792671784399,
     0.8726411005148471,
     0.8682000838555266,
     0.8577905919382023,
     0.8497905904876059,
     0.8451433113484677,
     0.827981196021593,
     0.8058499090047093,
     0.7871505119655691,
     0.77230928869821,
     0.7668962937654799,
     0.7680845594144076,
     0.7400910179863426,
     0.7266246397237193,
     0.6575137002726684,
     0.667690542850429,
     0.7108204223113087,
     0.6738162999945841,
     0.6825572618129936,
     0.6990918053427209,
     0.6478629223751398,
     0.6545132068453369,
     0.769259049834577,
     0.7820677041401994,
     0.8961407906563679
    ],
    "curve_oracle": [
     0.9999999999999949,
     0.8466410005679714,
     0.7738602243340965,
     0.7164298166446718,
     0.6666825659082943,
     0.6222729292349044,
     0.5820115759203269,
     0.5450652407315452,
     0.510925944903812,
     0.47920593526216565,
     0.4496642608844147,
     0.4220402349779969,
     0.3960879860232622,
     0.37170837805367085,
     0.34881857335687005,
     0.3272142489910118,
     0.3067806480659634,
     0.2874737080210615,
     0.26922505963894033,
     0.25199380214742606,
     0.235735107465043,
     0.22039701486935945,
     0.20594043313640753,
     0.19230130382704907,
     0.17941989546261156,
     0.16730821562331322,
     0.15590530498520505,
     0.14514046869331468,
     0.1349785311033288,
     0.1253845691803354,
     0.11630497278497574,
     0.10770660618286305,
     0.09953891466734686,
     0.09175593312498348,
     0.08435719865938192,
     0.07732873851110764,
     0.07062835517110981,
     0.06420301090002611,
     0.05807346044784032,
     0.05220268122147264,
     0.046579533621373015,
     0.04115761187504394,
     0.03594024164140602,
     0.030891192939297357,
     0.02600699412322903,
     0.021278224767865096,
     0.016713597760490858,
     0.012312270999642383,
     0.008073169279210826,
     0.004017869213960985
    ],
    "curve_random": [
     0.9999999999999961,
     0.999956920875549,
     0.9998368522525573,
     1.0000152117600227,
     0.9995730502659592,
     0.9996969935719214,
     0.9996358433683917,
     1.0000101226636815,
     1.0001463996458593,
     1.000530010769468,
     1.0000668648238376,
     1.0005920987235264,
     1.0003603285345526,
     1.000362979043936,
     1.000393549594986,
     1.0001014348997714,
     1.000204242654563,
     1.000562144540603,
     1.0005491453289115,
     1.0005638353461221,
     1.0005796219019925,
     1.0004211202459765,
     0.9996464379239923,
     0.9992084508364156,
     0.9989399901965961,
     0.9992009971684386,
     1.0000149724875387,
     1.000059791696353,
     0.9996203566962694,
     0.9997867282494782,
     0.9991538969395114,
     0.9993070747399322,
     1.0000821430976532,
     0.9999183111082707,
     0.9998100549015604,
     1.000711316003172,
     1.002600414118613,
     1.0041708546128025,
     1.0052492649970388,
     1.0032634654230974,
     1.002233929492899,
     1.0025321741995152,
     1.0028734149358152,
     1.002180335382418,
     1.0037541579105134,
     1.0004685585650532,
     1.0000241402755676,
     1.0021836638910833,
     1.002213308408455,
     0.9963473168833481
    ]
   },
   "spearman_u_abs_e": {
    "rho": 0.1104083762752919,
    "p": 0.0
   },
   "spearman_u_density": {
    "rho": -0.11392834435186333,
    "p": 0.0
   },
   "density_terciles": [
    {
     "n": 66667,
     "density_range": [
      9.954553678328154e-06,
      0.2963626047168771
     ],
     "ause": 0.44542317436374895,
     "aurg": 0.03157503411790041
    },
    {
     "n": 66666,
     "density_range": [
      0.29643319416908354,
      18.1731942751879
     ],
     "ause": 0.3824499775595701,
     "aurg": 0.02549404588071426
    },
    {
     "n": 66667,
     "density_range": [
      18.173781888745765,
      286562.40808638616
     ],
     "ause": 0.5575384250155129,
     "aurg": -0.004218249966901632
    }
   ],
   "per_tile": [
    {
     "tile": 0,
     "n": 14760,
     "ause": 0.5105443289130737,
     "aurg": 0.10029310797765932
    },
    {
     "tile": 2,
     "n": 25788,
     "ause": 0.3943601901712107,
     "aurg": 0.27706358989171187
    },
    {
     "tile": 3,
     "n": 1628,
     "ause": 0.6753166622497514,
     "aurg": -0.002299033067485236
    },
    {
     "tile": 4,
     "n": 32664,
     "ause": 0.6190459872053118,
     "aurg": 0.0818700281786967
    },
    {
     "tile": 5,
     "n": 22626,
     "ause": 0.6531448796286339,
     "aurg": 0.06874269846951842
    },
    {
     "tile": 6,
     "n": 17461,
     "ause": 0.5429505977495069,
     "aurg": 0.21871108229097486
    },
    {
     "tile": 7,
     "n": 7546,
     "ause": 0.7846539445645468,
     "aurg": -0.027778967639059786
    },
    {
     "tile": 8,
     "n": 11029,
     "ause": 0.5188838243826559,
     "aurg": 0.1609962387049188
    },
    {
     "tile": 9,
     "n": 14824,
     "ause": 0.34411123029216556,
     "aurg": 0.43115379005637794
    },
    {
     "tile": 10,
     "n": 33514,
     "ause": 0.5545999575588544,
     "aurg": 0.23307273768326026
    },
    {
     "tile": 11,
     "n": 18160,
     "ause": 0.7559997805137005,
     "aurg": -0.019686250465383075
    }
   ]
  },
  "neg_log_predictive": {
   "global_": {
    "ause": 0.25198236199475305,
    "aurg": 0.4786098880234316,