{
 "config": {
  "colmap_model": "/Users/donga2/dp-splat-data/mill19/colmap_work/sparse_opencv",
  "name": "reflight_rubble_50",
  "out_dir": "/Users/donga2/Library/Mobile Documents/com~apple~CloudDocs/DP_Splat/dp-splat-uav/experiments/out",
  "fig_dir": "/Users/donga2/Library/Mobile Documents/com~apple~CloudDocs/DP_Splat/dp-splat-uav/figures",
  "holdback_every": 2,
  "min_track": 2,
  "top_frac": 0.25,
  "seeds": 5,
  "eval_frac": 0.25,
  "subsample": null,
  "seed": 0,
  "alpha": 100.0,
  "truncation": 256,
  "target_tile_points": 250000,
  "halo": 5.0,
  "max_iters": 200,
  "tol": 1e-06,
  "n_min": 1.0,
  "min_tile_points": 1000,
  "svi_threshold": 2000000.0,
  "svi_batch": 65536,
  "svi_epochs": 3.0,
  "svi_eval_every": 25,
  "svi_eval_points": 100000,
  "chunk": 131072,
  "entropy_samples": 20000,
  "model_samples": 200000,
  "nn_thresh": 0.5
 },
 "split": {
  "n_images": 1678,
  "n_survey_images": 839,
  "n_holdback_images": 839,
  "n_points": 1750606,
  "n_initial": 1391850,
  "n_pool": 338959,
  "n_discarded": 19797
 },
 "crop": {
  "robust_lo": [
   -156.77317040020648,
   -219.02257397033762,
   19.82097621749901
  ],
  "robust_hi": [
   117.66218921965914,
   100.53459114694034,
   37.847011461220355
  ],
  "dropped_initial": 39813,
  "dropped_pool": 10468
 },
 "origin": [
  -7.214440234703964,
  -65.4733718538964,
  30.038436619719874
 ],
 "axis_note": "coordinates reordered (x, z, y): ground plane first, vertical last",
 "grid": {
  "shape": [
   2,
   3
  ],
  "n_tiles": 6,
  "halo": 5.0,
  "core_lo": [
   [
    -149.55705775089942,
    -153.54749823615938
   ],
   [
    -12.343113665651373,
    -153.54749823615938
   ],
   [
    -149.55705775089942,
    -47.0290502365161
   ],
   [
    -12.343113665651373,
    -47.0290502365161
   ],
   [
    -149.55705775089942,
    59.48939776312719
   ],
   [
    -12.343113665651373,
    59.48939776312719
   ]
  ],
  "core_hi": [
   [
    -12.343113665651373,
    -47.0290502365161
   ],
   [
    124.87083041959664,
    -47.0290502365161
   ],
   [
    -12.343113665651373,
    59.48939776312719
   ],
   [
    124.87083041959664,
    59.48939776312719
   ],
   [
    -12.343113665651373,
    166.0078457627705
   ],
   [
    124.87083041959664,
    166.0078457627705
   ]
  ]
 },
 "n_pool_outside_grid": 0,
 "initial_tiles": [
  {
   "tile": 0,
   "n_points": 147926,
   "khat": 45,
   "path": "cavi",
   "seconds": 126.29447104176506,
   "elbo_tail": [
    -691048.0119772304,
    -691047.3207763695,
    -691046.7221168281
   ]
  },
  {
   "tile": 1,
   "n_points": 275595,
   "khat": 80,
   "path": "cavi",
   "seconds": 158.83175770798698,
   "elbo_tail": [
    -1568189.2807037346,
    -1568187.6620013583,
    -1568186.1750528263
   ]
  },
  {
   "tile": 2,
   "n_points": 320406,
   "khat": 74,
   "path": "cavi",
   "seconds": 404.9790008328855,
   "elbo_tail": [
    -1535787.1215278013,
    -1535781.085396117,
    -1535774.7845329281
   ]
  },
  {
   "tile": 3,
   "n_points": 494050,
   "khat": 104,
   "path": "cavi",
   "seconds": 448.9977184999734,
   "elbo_tail": [
    -2601449.6124280114,
    -2601446.9452769323,
    -2601444.493599672
   ]
  },
  {
   "tile": 4,
   "n_points": 172980,
   "khat": 47,
   "path": "cavi",
   "seconds": 120.83592170802876,
   "elbo_tail": [
    -849234.3032932606,
    -849233.1299192202,
    -849232.3306103848
   ]
  },
  {
   "tile": 5,
   "n_points": 179086,
   "khat": 47,
   "path": "cavi",
   "seconds": 143.03444891609251,
   "elbo_tail": [
    -820198.7101026011,
    -820197.7881392352,
    -820196.9880775716
   ]
  }
 ],
 "tile_mean_nlpd": [
  5.16919866743797,
  6.027187606288333,
  5.214702212676124,
  5.567182783706531,
  5.4498775046342605,
  5.189199232520084
 ],
 "tile_entropy_mc": [
  10.454969325209237,
  10.779203410640323,
  10.65805472031422,
  10.721272997671527,
  10.595760456872028,
  10.331094216158315
 ],
 "tile_oracle_nlpd": [
  5.206755230528712,
  6.0256702204284585,
  5.402124726253132,
  5.722025955126839,
  5.433552042577861,
  5.251788709054119
 ],
 "ranking": {
  "by_nlpd": [
   1,
   3,
   4,
   2,
   5,
   0
  ],
  "by_entropy": [
   1,
   3,
   2,
   4,
   0,
   5
  ],
  "spearman_nlpd_vs_entropy": 0.8857142857142858,
  "k_selected": 2
 },
 "n_eval": 82123,
 "baseline": {
  "mean_nlpd": 5.577605337836781,
  "coverage": {
   "0.68": 0.7044998683730738,
   "0.90": 0.9312221252390395,
   "0.95": 0.9724546720282242
  },
  "completeness": 0.5772073596921691
 },
 "arms": {
  "targeted": {
   "n_granted": 130623,
   "refits": [
    {
     "tile": 1,
     "n_points": 328514,
     "khat": 89,
     "path": "cavi",
     "seconds": 153.72963812481612,
     "elbo_tail": [
      -1845613.598949161,
      -1845611.1591383673,
      -1845609.7797610415
     ],
     "n_granted": 52919
    },
    {
     "tile": 3,
     "n_points": 579524,
     "khat": 111,
     "path": "cavi",
     "seconds": 384.4546727919951,
     "elbo_tail": [
      -3027135.4956502966,
      -3027118.875099674,
      -3027116.3676372087
     ],
     "n_granted": 85474
    }
   ],
   "selected_tiles": [
    1,
    3
   ],
   "n_eval_in_selected": 40147,
   "mean_nlpd": 5.54518099049306,
   "delta_mean_nlpd": 0.03242434734372068,
   "mean_nlpd_selected": 5.774970628354899,
   "delta_mean_nlpd_selected": 0.06587085190514763,
   "coverage": {
    "0.68": 0.703743818523756,
    "0.90": 0.9299959125864106,
    "0.95": 0.9724367502577996
   },
   "coverage_shift": {
    "0.68": -0.0007560498493177636,
    "0.90": -0.0012262126526288997,
    "0.95": -1.792177042458931e-05
   },
   "completeness": 0.578863412198775,
   "delta_completeness": 0.0016560525066059428
  },
  "oracle": {
   "n_granted": 130623,
   "refits": [
    {
     "tile": 1,
     "n_points": 328514,
     "khat": 89,
     "path": "cavi",
     "seconds": 153.72963812481612,
     "elbo_tail": [
      -1845613.598949161,
      -1845611.1591383673,
      -1845609.7797610415
     ],
     "n_granted": 52919
    },
    {
     "tile": 3,
     "n_points": 579524,
     "khat": 111,
     "path": "cavi",
     "seconds": 384.4546727919951,
     "elbo_tail": [
      -3027135.4956502966,
      -3027118.875099674,
      -3027116.3676372087
     ],
     "n_granted": 85474
    }
   ],
   "selected_tiles": [
    1,
    3
   ],
   "n_eval_in_selected": 40147,
   "mean_nlpd": 5.54518099049306,
   "delta_mean_nlpd": 0.03242434734372068,
   "mean_nlpd_selected": 5.774970628354899,
   "delta_mean_nlpd_selected": 0.06587085190514763,
   "coverage": {
    "0.68": 0.703743818523756,
    "0.90": 0.9299959125864106,
    "0.95": 0.9724367502577996
   },
   "coverage_shift": {
    "0.68": -0.0007560498493177636,
    "0.90": -0.0012262126526288997,
    "0.95": -1.792177042458931e-05
   },
   "completeness": 0.578863412198775,
   "delta_completeness": 0.0016560525066059428
  },
  "random": {
   "per_seed": [
    {
     "seed": 0,
     "n_granted": 113143,
     "refits": [
      {
       "tile": 5,
       "n_points": 213420,
       "khat": 51,
       "path": "cavi",
       "seconds": 116.21663920814171,
       "elbo_tail": [
        -969819.148935474,
        -969816.2663000321,
        -969815.4365007797
       ],
       "n_granted": 34334
      },
      {
       "tile": 3,
       "n_points": 579524,
       "khat": 111,
       "path": "cavi",
       "seconds": 384.4546727919951,
       "elbo_tail": [
        -3027135.4956502966,
        -3027118.875099674,
        -3027116.3676372087
       ],
       "n_granted": 85474
      }
     ],
     "selected_tiles": [
      5,
      3
     ],
     "n_eval_in_selected": 34090,
     "mean_nlpd": 5.552112367672434,
     "delta_mean_nlpd": 0.02549297016434693,
     "mean_nlpd_selected": 5.528714228133244,
     "delta_mean_nlpd_selected": 0.0621774511745965,
     "coverage": {
      "0.68": 0.7049257833664204,
      "0.90": 0.9309226123983272,
      "0.95": 0.9727952568637586
     },
     "coverage_shift": {
      "0.68": 0.0004259149933466544,
      "0.90": -0.00029951284071227935,