{
 "config": {
  "colmap_model": "/Users/donga2/dp-splat-data/mill19/colmap_work/sparse_opencv",
  "name": "reflight_rubble_block",
  "out_dir": "/Users/donga2/Library/Mobile Documents/com~apple~CloudDocs/DP_Splat/dp-splat-uav/experiments/out",
  "fig_dir": "/Users/donga2/Library/Mobile Documents/com~apple~CloudDocs/DP_Splat/dp-splat-uav/figures",
  "holdback_mode": "block",
  "holdback_frac": 0.2,
  "holdback_every": 5,
  "min_track": 2,
  "top_frac": 0.25,
  "seeds": 5,
  "eval_frac": 0.25,
  "subsample": null,
  "seed": 0,
  "alpha": 100.0,
  "truncation": 256,
  "target_tile_points": 250000,
  "halo": 5.0,
  "max_iters": 200,
  "tol": 1e-06,
  "n_min": 1.0,
  "min_tile_points": 1000,
  "svi_threshold": 2000000.0,
  "svi_batch": 65536,
  "svi_epochs": 3.0,
  "svi_eval_every": 25,
  "svi_eval_points": 100000,
  "chunk": 131072,
  "entropy_samples": 20000,
  "model_samples": 200000,
  "nn_thresh": 0.5
 },
 "split": {
  "n_images": 1678,
  "n_survey_images": 1342,
  "n_holdback_images": 336,
  "n_points": 1750606,
  "n_initial": 1480265,
  "n_pool": 266168,
  "n_discarded": 4173
 },
 "crop": {
  "robust_lo": [
   -139.26828614778393,
   -221.58004333948594,
   20.165266503102025
  ],
  "robust_hi": [
   120.8287803546297,
   101.39470817279312,
   37.821814852109476
  ],
  "dropped_initial": 42785,
  "dropped_pool": 14148
 },
 "origin": [
  -3.1009742902472315,
  -76.79624833794885,
  30.40948284244823
 ],
 "axis_note": "coordinates reordered (x, z, y): ground plane first, vertical last",
 "grid": {
  "shape": [
   2,
   3
  ],
  "n_tiles": 6,
  "halo": 5.0,
  "core_lo": [
   [
    -136.1665460795256,
    -144.78035219732362
   ],
   [
    -6.119551563052823,
    -144.78035219732362
   ],
   [
    -136.1665460795256,
    -37.123691390993415
   ],
   [
    -6.119551563052823,
    -37.123691390993415
   ],
   [
    -136.1665460795256,
    70.5329694153368
   ],
   [
    -6.119551563052823,
    70.5329694153368
   ]
  ],
  "core_hi": [
   [
    -6.119551563052823,
    -37.123691390993415
   ],
   [
    123.92744295341994,
    -37.123691390993415
   ],
   [
    -6.119551563052823,
    70.5329694153368
   ],
   [
    123.92744295341994,
    70.5329694153368
   ],
   [
    -6.119551563052823,
    178.189630221667
   ],
   [
    123.92744295341994,
    178.189630221667
   ]
  ]
 },
 "n_pool_outside_grid": 0,
 "initial_tiles": [
  {
   "tile": 0,
   "n_points": 212236,
   "khat": 58,
   "path": "cavi",
   "seconds": 157.00890091713518,
   "elbo_tail": [
    -1002018.0020922417,
    -1002009.8605035188,
    -1002009.1716339161
   ]
  },
  {
   "tile": 1,
   "n_points": 309091,
   "khat": 84,
   "path": "cavi",
   "seconds": 180.67577841691673,
   "elbo_tail": [
    -1710949.220170916,
    -1710947.2772292192,
    -1710945.6510886531
   ]
  },
  {
   "tile": 2,
   "n_points": 390600,
   "khat": 89,
   "path": "cavi",
   "seconds": 256.30284095881507,
   "elbo_tail": [
    -1889218.124345537,
    -1889216.0287743574,
    -1889214.4105684953
   ]
  },
  {
   "tile": 3,
   "n_points": 502164,
   "khat": 100,
   "path": "cavi",
   "seconds": 298.9093025410548,
   "elbo_tail": [
    -2630601.5820293273,
    -2630598.2882467154,
    -2630596.1571295927
   ]
  },
  {
   "tile": 4,
   "n_points": 155096,
   "khat": 51,
   "path": "cavi",
   "seconds": 112.72669016616419,
   "elbo_tail": [
    -805667.409210099,
    -805650.2110700241,
    -805634.0976218133
   ]
  },
  {
   "tile": 5,
   "n_points": 110011,
   "khat": 46,
   "path": "cavi",
   "seconds": 88.00854399986565,
   "elbo_tail": [
    -505109.9537945126,
    -505109.1294851085,
    -505108.34093496384
   ]
  }
 ],
 "tile_mean_nlpd": [
  5.175327685769409,
  5.913062031585192,
  5.240984325493453,
  5.509579977067204,
  5.596836075377866,
  5.214708576504239
 ],
 "tile_entropy_mc": [
  10.419285290794972,
  10.67679199626965,
  10.605667873739634,
  10.598339115687033,
  10.72749371819306,
  10.37111636023114
 ],
 "tile_oracle_nlpd": [
  6.413552565219417,
  null,
  6.29927356268586,
  5.842386313293602,
  6.165614212976126,
  6.574359322922527
 ],
 "ranking": {
  "by_nlpd": [
   1,
   4,
   3,
   2,
   5,
   0
  ],
  "by_entropy": [
   4,
   1,
   2,
   3,
   0,
   5
  ],
  "spearman_nlpd_vs_entropy": 0.8285714285714287,
  "k_selected": 2
 },
 "n_eval": 63005,
 "baseline": {
  "mean_nlpd": 6.258177744318897,
  "coverage": {
   "0.68": 0.6882038858822972,
   "0.90": 0.913862009328538,
   "0.95": 0.9598670865554543
  },
  "completeness": 0.45445599555590827
 },
 "arms": {
  "targeted": {
   "n_granted": 76528,
   "refits": [
    {
     "tile": 1,
     "n_points": 309096,
     "khat": 95,
     "path": "cavi",
     "seconds": 149.4800638332963,
     "elbo_tail": [
      -1713511.5767714058,
      -1713509.7745517031,
      -1713508.104299518
     ],
     "n_granted": 5
    },
    {
     "tile": 4,
     "n_points": 231619,
     "khat": 53,
     "path": "cavi",
     "seconds": 108.43739591585472,
     "elbo_tail": [
      -1137002.5788160204,
      -1136987.529954893,
      -1136987.051545438
     ],
     "n_granted": 76523
    }
   ],
   "selected_tiles": [
    1,
    4
   ],
   "n_eval_in_selected": 21404,
   "mean_nlpd": 5.7255917681461295,
   "delta_mean_nlpd": 0.5325859761727676,
   "mean_nlpd_selected": 4.71165226488617,
   "delta_mean_nlpd_selected": 1.4424162538123264,
   "coverage": {
    "0.68": 0.6842952212913518,
    "0.90": 0.9178312204951955,
    "0.95": 0.9630510060540242
   },
   "coverage_shift": {
    "0.68": -0.00390866459094541,
    "0.90": 0.003969211166657494,
    "0.95": 0.003183919498569887
   },
   "completeness": 0.5043567970795969,
   "delta_completeness": 0.04990080152368864
  },
  "oracle": {
   "n_granted": 57211,
   "refits": [
    {
     "tile": 5,
     "n_points": 164785,
     "khat": 39,
     "path": "cavi",
     "seconds": 95.8886612909846,
     "elbo_tail": [
      -746604.3932439605,
      -746603.5847599488,
      -746602.863333572
     ],
     "n_granted": 54774
    },
    {
     "tile": 0,
     "n_points": 214673,
     "khat": 57,
     "path": "cavi",
     "seconds": 148.64786520926282,
     "elbo_tail": [
      -1020911.6479980575,
      -1020909.993374318,
      -1020908.2911379089
     ],
     "n_granted": 2437
    }
   ],
   "selected_tiles": [
    5,
    0
   ],
   "n_eval_in_selected": 15413,
   "mean_nlpd": 5.813460365737009,
   "delta_mean_nlpd": 0.4447173785818883,
   "mean_nlpd_selected": 4.891487768661042,
   "delta_mean_nlpd_selected": 1.681590992070885,
   "coverage": {
    "0.68": 0.6936926950578666,
    "0.90": 0.9218968765213421,
    "0.95": 0.9661941634862052
   },
   "coverage_shift": {
    "0.68": 0.005488809175569376,
    "0.90": 0.008034867192804107,
    "0.95": 0.006327076930750963
   },
   "completeness": 0.47621617331957783,
   "delta_completeness": 0.021760177763669564
  },
  "random": {
   "per_seed": [
    {
     "seed": 0,
     "n_granted": 79088,
     "refits": [
      {
       "tile": 5,
       "n_points": 164785,
       "khat": 39,
       "path": "cavi",
       "seconds": 95.8886612909846,
       "elbo_tail": [
        -746604.3932439605,
        -746603.5847599488,
        -746602.863333572
       ],
       "n_granted": 54774
      },
      {
       "tile": 3,
       "n_points": 534853,
       "khat": 106,
       "path": "cavi",
       "seconds": 388.8614403749816,
       "elbo_tail": [
        -2759140.7273040973,
        -2758992.7344057863,
        -2758764.8869238934
       ],
       "n_granted": 32689
      }
     ],
     "selected_tiles": [
      5,
      3
     ],
     "n_eval_in_selected": 22991,
     "mean_nlpd": 5.707929120321653,
     "delta_mean_nlpd": 0.550248623997244,
     "mean_nlpd_selected": 4.8843875874807265,
     "delta_mean_nlpd_selected": 1.4252764915074287,
     "coverage": {
      "0.68": 0.6945491811813104,
      "0.90": 0.9226376010701672,
      "0.95": 0.9671495149723489
     },
     "coverage_shift": {
      "0.68": 0.006345295299013176,
      "0.90": 0.00877559174162923,