{
 "config": {
  "colmap_model": "/Users/donga2/dp-splat-data/mill19/colmap_work/sparse_opencv",
  "name": "reflight_rubble",
  "out_dir": "/Users/donga2/Library/Mobile Documents/com~apple~CloudDocs/DP_Splat/dp-splat-uav/experiments/out",
  "fig_dir": "/Users/donga2/Library/Mobile Documents/com~apple~CloudDocs/DP_Splat/dp-splat-uav/figures",
  "holdback_every": 5,
  "min_track": 2,
  "top_frac": 0.25,
  "seeds": 5,
  "eval_frac": 0.25,
  "subsample": null,
  "seed": 0,
  "alpha": 100.0,
  "truncation": 256,
  "target_tile_points": 250000,
  "halo": 5.0,
  "max_iters": 200,
  "tol": 1e-06,
  "n_min": 1.0,
  "min_tile_points": 1000,
  "svi_threshold": 2000000.0,
  "svi_batch": 65536,
  "svi_epochs": 3.0,
  "svi_eval_every": 25,
  "svi_eval_points": 100000,
  "chunk": 131072,
  "entropy_samples": 20000,
  "model_samples": 200000,
  "nn_thresh": 0.5
 },
 "split": {
  "n_images": 1678,
  "n_survey_images": 1343,
  "n_holdback_images": 335,
  "n_points": 1750606,
  "n_initial": 1733427,
  "n_pool": 6619,
  "n_discarded": 10560
 },
 "crop": {
  "robust_lo": [
   -156.349460170379,
   -218.7979603293273,
   19.636555809963127
  ],
  "robust_hi": [
   118.3352961459634,
   99.24162800271003,
   37.866838614355856
  ],
  "dropped_initial": 49438,
  "dropped_pool": 181
 },
 "origin": [
  -7.0301061812023065,
  -65.41118229998084,
  30.014576119862177
 ],
 "axis_note": "coordinates reordered (x, z, y): ground plane first, vertical last",
 "grid": {
  "shape": [
   2,
   4
  ],
  "n_tiles": 8,
  "halo": 5.0,
  "core_lo": [
   [
    -149.31406945470536,
    -153.3808507148645
   ],
   [
    -11.977108756032464,
    -153.3808507148645
   ],
   [
    -149.31406945470536,
    -73.87243546047566
   ],
   [
    -11.977108756032464,
    -73.87243546047566
   ],
   [
    -149.31406945470536,
    5.6359797939131795
   ],
   [
    -11.977108756032464,
    5.6359797939131795
   ],
   [
    -149.31406945470536,
    85.14439504830202
   ],
   [
    -11.977108756032464,
    85.14439504830202
   ]
  ],
  "core_hi": [
   [
    -11.977108756032464,
    -73.87243546047566
   ],
   [
    125.3598519426404,
    -73.87243546047566
   ],
   [
    -11.977108756032464,
    5.6359797939131795
   ],
   [
    125.3598519426404,
    5.6359797939131795
   ],
   [
    -11.977108756032464,
    85.14439504830202
   ],
   [
    125.3598519426404,
    85.14439504830202
   ],
   [
    -11.977108756032464,
    164.65281030269085
   ],
   [
    125.3598519426404,
    164.65281030269085
   ]
  ]
 },
 "n_pool_outside_grid": 0,
 "initial_tiles": [
  {
   "tile": 0,
   "n_points": 106609,
   "khat": 34,
   "path": "cavi",
   "seconds": 57.597789333201945,
   "elbo_tail": [
    -455106.65824486094,
    -455089.3073326932,
    -455088.9773561414
   ]
  },
  {
   "tile": 1,
   "n_points": 202321,
   "khat": 59,
   "path": "cavi",
   "seconds": 161.0564458752051,
   "elbo_tail": [
    -1033846.3915760443,
    -1033825.006855713,
    -1033799.5733442333
   ]
  },
  {
   "tile": 2,
   "n_points": 302932,
   "khat": 69,
   "path": "cavi",
   "seconds": 196.92798141716048,
   "elbo_tail": [
    -1331037.4016937728,
    -1331035.8403267255,
    -1331034.5886257512
   ]
  },
  {
   "tile": 3,
   "n_points": 477051,
   "khat": 104,
   "path": "cavi",
   "seconds": 244.799709583167,
   "elbo_tail": [
    -2491999.599512325,
    -2491997.001156848,
    -2491994.762867925
   ]
  },
  {
   "tile": 4,
   "n_points": 308729,
   "khat": 70,
   "path": "cavi",
   "seconds": 146.82465245807543,
   "elbo_tail": [
    -1348505.16263451,
    -1348503.7989992627,
    -1348502.494778028
   ]
  },
  {
   "tile": 5,
   "n_points": 414674,
   "khat": 81,
   "path": "cavi",
   "seconds": 270.34822370903566,
   "elbo_tail": [
    -1863293.5383556047,
    -1863291.5827666325,
    -1863289.8491227315
   ]
  },
  {
   "tile": 6,
   "n_points": 118467,
   "khat": 34,
   "path": "cavi",
   "seconds": 60.058274833951145,
   "elbo_tail": [
    -560855.5171772204,
    -560854.8915601765,
    -560854.3332378456
   ]
  },
  {
   "tile": 7,
   "n_points": 123769,
   "khat": 33,
   "path": "cavi",
   "seconds": 43.212263791356236,
   "elbo_tail": [
    -531513.8357390426,
    -531513.2988177221,
    -531512.8255620456
   ]
  }
 ],
 "tile_mean_nlpd": [
  4.787773934748069,
  5.732327074472149,
  4.8903593425563985,
  5.7296832363704455,
  5.015255371249636,
  4.8995529272857885,
  5.5694745361628755,
  4.9619601258041826
 ],
 "tile_entropy_mc": [
  10.121202358309398,
  10.473072593333884,
  10.206864240408574,
  10.650631975964993,
  10.540000787724617,
  10.309581133121547,
  10.5170691462003,
  10.014907781587949
 ],
 "tile_oracle_nlpd": [
  4.49308256221757,
  5.637234687783148,
  4.3598154399775435,
  5.17942845497292,
  4.651146720369482,
  4.4525848819989475,
  5.680416426844043,
  4.362564638454904
 ],
 "ranking": {
  "by_nlpd": [
   1,
   3,
   6,
   4,
   7,
   5,
   2,
   0
  ],
  "by_entropy": [
   3,
   4,
   6,
   1,
   5,
   2,
   0,
   7
  ],
  "spearman_nlpd_vs_entropy": 0.6904761904761906,
  "k_selected": 2
 },
 "n_eval": 1610,
 "baseline": {
  "mean_nlpd": 4.63297592934071,
  "coverage": {
   "0.68": 0.713941680861535,
   "0.90": 0.9380099326022402,
   "0.95": 0.9760304213533981
  },
  "completeness": 0.6006211180124224
 },
 "arms": {
  "targeted": {
   "n_granted": 1233,
   "refits": [
    {
     "tile": 1,
     "n_points": 202723,
     "khat": 60,
     "path": "cavi",
     "seconds": 74.81363241700456,
     "elbo_tail": [
      -1035652.9679899104,
      -1035651.8640821476,
      -1035650.8337664834
     ],
     "n_granted": 402
    },
    {
     "tile": 3,
     "n_points": 477940,
     "khat": 104,
     "path": "cavi",
     "seconds": 242.29360308265314,
     "elbo_tail": [
      -2490537.127688305,
      -2490534.3214901164,
      -2490531.877244673
     ],
     "n_granted": 889
    }
   ],
   "selected_tiles": [
    1,
    3
   ],
   "n_eval_in_selected": 343,
   "mean_nlpd": 4.622006261979827,
   "delta_mean_nlpd": 0.010969667360883228,
   "mean_nlpd_selected": 5.1936090562696124,
   "delta_mean_nlpd_selected": 0.05115109946122942,
   "coverage": {
    "0.68": 0.7116800619671205,
    "0.90": 0.9377152980090103,
    "0.95": 0.9761921232592665
   },
   "coverage_shift": {
    "0.68": -0.002261618894414452,
    "0.90": -0.00029463459322986996,
    "0.95": 0.0001617019058683944
   },
   "completeness": 0.6,
   "delta_completeness": -0.0006211180124223725
  },
  "oracle": {
   "n_granted": 589,
   "refits": [
    {
     "tile": 6,
     "n_points": 118654,
     "khat": 33,
     "path": "cavi",
     "seconds": 47.06863783393055,
     "elbo_tail": [
      -561279.5290566417,
      -561278.9524410311,
      -561278.5452479912
     ],
     "n_granted": 187
    },
    {
     "tile": 1,
     "n_points": 202723,
     "khat": 60,
     "path": "cavi",
     "seconds": 74.81363241700456,
     "elbo_tail": [
      -1035652.9679899104,
      -1035651.8640821476,
      -1035650.8337664834
     ],
     "n_granted": 402
    }
   ],
   "selected_tiles": [
    6,
    1
   ],
   "n_eval_in_selected": 173,
   "mean_nlpd": 4.63593102925983,
   "delta_mean_nlpd": -0.00295509991912013,
   "mean_nlpd_selected": 5.448194048927474,
   "delta_mean_nlpd_selected": -0.018095782829717244,
   "coverage": {
    "0.68": 0.7105459054368317,
    "0.90": 0.9378586696589624,
    "0.95": 0.9757481783856559
   },
   "coverage_shift": {
    "0.68": -0.0033957754247032623,
    "0.90": -0.00015126294327783008,
    "0.95": -0.0002822429677422633
   },
   "completeness": 0.593167701863354,
   "delta_completeness": -0.007453416149068359
  },
  "random": {
   "per_seed": [
    {
     "seed": 0,
     "n_granted": 1316,
     "refits": [
      {
       "tile": 6,
       "n_points": 118654,
       "khat": 33,
       "path": "cavi",
       "seconds": 47.06863783393055,
       "elbo_tail": [
        -561279.5290566417,
        -561278.9524410311,
        -561278.5452479912
       ],
       "n_granted": 187
      },
      {
       "tile": 5,
       "n_points": 415811,