{
 "config": {
  "colmap_model": "/Users/donga2/dp-splat-data/mill19/colmap_work/sparse_opencv",
  "name": "reflight_rubble_mass6",
  "out_dir": "/Users/donga2/Library/Mobile Documents/com~apple~CloudDocs/DP_Splat/dp-splat-uav/experiments/out",
  "fig_dir": "/Users/donga2/Library/Mobile Documents/com~apple~CloudDocs/DP_Splat/dp-splat-uav/figures",
  "holdback_mode": "block",
  "holdback_frac": 0.2,
  "holdback_every": 5,
  "min_track": 2,
  "rank_mode": "nlpd",
  "top_frac": 0.25,
  "seeds": 5,
  "eval_frac": 0.25,
  "subsample": null,
  "seed": 0,
  "alpha": 100.0,
  "truncation": 256,
  "target_tile_points": 250000.0,
  "halo": 5.0,
  "max_iters": 200,
  "tol": 1e-06,
  "n_min": 1.0,
  "min_tile_points": 1000,
  "svi_threshold": 2000000.0,
  "svi_batch": 65536,
  "svi_epochs": 3.0,
  "svi_eval_every": 25,
  "svi_eval_points": 100000,
  "chunk": 131072,
  "entropy_samples": 20000,
  "model_samples": 200000,
  "nn_thresh": 0.5
 },
 "split": {
  "n_images": 1678,
  "n_survey_images": 1342,
  "n_holdback_images": 336,
  "n_points": 1750606,
  "n_initial": 1480265,
  "n_pool": 266168,
  "n_discarded": 4173
 },
 "crop": {
  "robust_lo": [
   -139.26828614778393,
   -221.58004333948594,
   20.165266503102025
  ],
  "robust_hi": [
   120.8287803546297,
   101.39470817279312,
   37.821814852109476
  ],
  "dropped_initial": 42785,
  "dropped_pool": 14148
 },
 "origin": [
  -3.1009742902472315,
  -76.79624833794885,
  30.40948284244823
 ],
 "axis_note": "coordinates reordered (x, z, y): ground plane first, vertical last",
 "grid": {
  "shape": [
   2,
   3
  ],
  "n_tiles": 6,
  "halo": 5.0,
  "core_lo": [
   [
    -136.1665460795256,
    -144.78035219732362
   ],
   [
    -6.119551563052823,
    -144.78035219732362
   ],
   [
    -136.1665460795256,
    -37.123691390993415
   ],
   [
    -6.119551563052823,
    -37.123691390993415
   ],
   [
    -136.1665460795256,
    70.5329694153368
   ],
   [
    -6.119551563052823,
    70.5329694153368
   ]
  ],
  "core_hi": [
   [
    -6.119551563052823,
    -37.123691390993415
   ],
   [
    123.92744295341994,
    -37.123691390993415
   ],
   [
    -6.119551563052823,
    70.5329694153368
   ],
   [
    123.92744295341994,
    70.5329694153368
   ],
   [
    -6.119551563052823,
    178.189630221667
   ],
   [
    123.92744295341994,
    178.189630221667
   ]
  ]
 },
 "n_pool_outside_grid": 0,
 "initial_tiles": [
  {
   "tile": 0,
   "n_points": 212236,
   "khat": 58,
   "path": "cavi",
   "seconds": 707.7224807091989,
   "elbo_tail": [
    -1002018.0020922417,
    -1002009.8605035188,
    -1002009.1716339161
   ]
  },
  {
   "tile": 1,
   "n_points": 309091,
   "khat": 84,
   "path": "cavi",
   "seconds": 1375.8613710002974,
   "elbo_tail": [
    -1710949.220170916,
    -1710947.2772292192,
    -1710945.6510886531
   ]
  },
  {
   "tile": 2,
   "n_points": 390600,
   "khat": 89,
   "path": "cavi",
   "seconds": 2414.9480318329297,
   "elbo_tail": [
    -1889218.124345537,
    -1889216.0287743574,
    -1889214.4105684953
   ]
  },
  {
   "tile": 3,
   "n_points": 502164,
   "khat": 100,
   "path": "cavi",
   "seconds": 1403.6106664589606,
   "elbo_tail": [
    -2630601.5820293273,
    -2630598.2882467154,
    -2630596.1571295927
   ]
  },
  {
   "tile": 4,
   "n_points": 155096,
   "khat": 51,
   "path": "cavi",
   "seconds": 121.37145954184234,
   "elbo_tail": [
    -805667.409210099,
    -805650.2110700241,
    -805634.0976218133
   ]
  },
  {
   "tile": 5,
   "n_points": 110011,
   "khat": 46,
   "path": "cavi",
   "seconds": 88.54759170813486,
   "elbo_tail": [
    -505109.9537945126,
    -505109.1294851085,
    -505108.34093496384
   ]
  }
 ],
 "tile_mean_nlpd": [
  7.241435284514738,
  7.584365402213938,
  6.724198922492072,
  6.720655187457534,
  7.981254317029572,
  7.965312418115165
 ],
 "tile_entropy_mc": [
  10.419327347302081,
  10.67681528498209,
  10.605814623362342,
  10.598350712179133,
  10.727456746790919,
  10.371121912123431
 ],
 "tile_oracle_nlpd": [
  8.475142211977486,
  null,
  7.799099877143569,
  7.119435121568886,
  8.546692235318362,
  9.336938965883773
 ],
 "tile_pool_mass": [
  2437.0,
  5.0,
  66666.0,
  32689.0,
  76523.0,
  54774.0
 ],
 "ranking": {
  "by_nlpd": [
   4,
   5,
   1,
   0,
   2,
   3
  ],
  "by_entropy": [
   4,
   1,
   2,
   3,
   0,
   5
  ],
  "spearman_nlpd_vs_entropy": 0.2571428571428572,
  "k_selected": 2
 },
 "n_eval": 63005,
 "baseline": {
  "mean_nlpd": 8.329549637597005,
  "coverage": {
   "0.68": 0.6871168007025076,
   "0.90": 0.9126029966027771,
   "0.95": 0.9592923617561488
  },
  "completeness": 0.45445599555590827
 },
 "arms": {
  "targeted": {
   "n_granted": 118730,
   "refits": [
    {
     "tile": 4,
     "n_points": 231619,
     "khat": 53,
     "path": "cavi",
     "seconds": 138.555768459104,
     "elbo_tail": [
      -1137002.5788160204,
      -1136987.529954893,
      -1136987.051545438
     ],
     "n_granted": 76523
    },
    {
     "tile": 5,
     "n_points": 164785,
     "khat": 39,
     "path": "cavi",
     "seconds": 119.29261537501588,
     "elbo_tail": [
      -746604.3932439605,
      -746603.5847599488,
      -746602.863333572
     ],
     "n_granted": 54774
    }
   ],
   "selected_tiles": [
    4,
    5
   ],
   "n_eval_in_selected": 36188,
   "mean_nlpd": 7.231616856766656,
   "delta_mean_nlpd": 1.097932780830349,
   "mean_nlpd_selected": 6.959493248523808,
   "delta_mean_nlpd_selected": 1.9041036076770599,
   "coverage": {
    "0.68": 0.6920780560390013,
    "0.90": 0.9264777285582058,
    "0.95": 0.9693123887682195
   },
   "coverage_shift": {
    "0.68": 0.0049612553364937195,
    "0.90": 0.013874731955428654,
    "0.95": 0.01002002701207061
   },
   "completeness": 0.5300214268708833,
   "delta_completeness": 0.075565431314975
  },
  "oracle": {
   "n_granted": 118730,
   "refits": [
    {
     "tile": 5,
     "n_points": 164785,
     "khat": 39,
     "path": "cavi",
     "seconds": 119.29261537501588,
     "elbo_tail": [
      -746604.3932439605,
      -746603.5847599488,
      -746602.863333572
     ],
     "n_granted": 54774
    },
    {
     "tile": 4,
     "n_points": 231619,
     "khat": 53,
     "path": "cavi",
     "seconds": 138.555768459104,
     "elbo_tail": [
      -1137002.5788160204,
      -1136987.529954893,
      -1136987.051545438
     ],
     "n_granted": 76523
    }
   ],
   "selected_tiles": [
    5,
    4
   ],
   "n_eval_in_selected": 36188,
   "mean_nlpd": 7.231616856766656,
   "delta_mean_nlpd": 1.097932780830349,
   "mean_nlpd_selected": 6.959493248523808,
   "delta_mean_nlpd_selected": 1.9041036076770599,
   "coverage": {
    "0.68": 0.6920780560390013,
    "0.90": 0.9264777285582058,
    "0.95": 0.9693123887682195
   },
   "coverage_shift": {
    "0.68": 0.0049612553364937195,
    "0.90": 0.013874731955428654,
    "0.95": 0.01002002701207061
   },
   "completeness": 0.5300214268708833,
   "delta_completeness": 0.075565431314975
  },
  "mass_only": {
   "n_granted": 128344,
   "refits": [
    {
     "tile": 4,
     "n_points": 231619,
     "khat": 53,
     "path": "cavi",
     "seconds": 138.555768459104,
     "elbo_tail": [
      -1137002.5788160204,
      -1136987.529954893,
      -1136987.051545438
     ],
     "n_granted": 76523
    },
    {
     "tile": 2,
     "n_points": 457266,
     "khat": 94,
     "path": "cavi",
     "seconds": 813.2485121251084,
     "elbo_tail": [
      -2213608.8618996465,
      -2213324.521666451,
      -2213064.4963014587
     ],
     "n_granted": 66666
    }
   ],
   "selected_tiles": [
    4,
    2
   ],
   "n_eval_in_selected": 39385,
   "mean_nlpd": 7.466623355887346,
   "delta_mean_nlpd": 0.862926281709659,
   "mean_nlpd_selected": 6.832806534684404,
   "delta_mean_nlpd_selected": 1.3700566558657767,
   "coverage": {
    "0.68": 0.6891448449460224,
    "0.90": 0.9223322707624664,
    "0.95": 0.9660208038655884
   },
   "coverage_shift": {
    "0.68": 0.0020280442435147705,
    "0.90": 0.009729274159689272,
    "0.95": 0.00672844210943957
   },