{
 "config": {
  "input": "/Users/donga2/dp-splat-data/h3d/Epoch_March2018/LiDAR/Mar18_val.laz",
  "name": "smoke_val_2M",
  "out_dir": "/Users/donga2/Library/Mobile Documents/com~apple~CloudDocs/DP_Splat/dp-splat-uav/experiments/out",
  "subsample": 2000000,
  "seed": 0,
  "target_tile_points": 500000.0,
  "halo": 5.0,
  "alpha": 1.0,
  "truncation": 64,
  "max_iters": 200,
  "tol": 1e-06,
  "svi_threshold": 2000000.0,
  "svi_batch": 65536,
  "svi_epochs": 3.0,
  "svi_eval_every": 25,
  "svi_eval_points": 100000,
  "n_min": 1.0,
  "match_margin": null,
  "chunk": 262144
 },
 "name": "smoke_val_2M",
 "n_points": 2000000,
 "extras_fields": [
  "classification"
 ],
 "rgb_range": [
  0.0,
  0.9961089494163424
 ],
 "origin": [
  513975.7198487757,
  5426891.42589845,
  233.42575958321936
 ],
 "grid": {
  "shape": [
   3,
   2
  ],
  "n_tiles": 6,
  "halo": 5.0,
  "bbox_lo": [
   -67.55685440794332,
   -49.76088986173272
  ],
  "bbox_hi": [
   102.7071531029651,
   54.96109495405108
  ]
 },
 "alpha_t": [
  0.217716375,
  0.250412375,
  0.203422375,
  0.227570625,
  0.069813,
  0.03106525
 ],
 "tiles": [
  {
   "tile": 0,
   "grid_index": [
    0,
    0
   ],
   "n_points": 510876,
   "weighted_points": 435432.75,
   "alpha_t": 0.217716375,
   "seconds": 29.59342954074964,
   "khat_count": 9,
   "khat_entropy": 6.7357605792541015,
   "elbo_trace": [
    -3436576.9389967835,
    -3289512.16511756,
    -3185057.87122654,
    -3067222.052373618,
    -2959301.2790138465,
    -2882094.6743514547,
    -2833580.7882781182,
    -2806176.1778922803,
    -2793573.341039344,
    -2785245.433545852,
    -2776290.078783209,
    -2769519.4063340425,
    -2762348.3136420953,
    -2754409.1048060944,
    -2746047.2909623887,
    -2740958.4082299923,
    -2737687.0001501725,
    -2734169.0637014704,
    -2728506.675854506,
    -2717719.418176713,
    -2699851.542430714,
    -2682498.6580810174,
    -2673130.528648738,
    -2668830.54905145,
    -2666538.6471528495,
    -2665149.188187981,
    -2664248.8070630115,
    -2663641.023185502,
    -2663216.2431230284,
    -2662904.4856170435,
    -2662652.8893844318,
    -2662407.2807300626,
    -2662074.310586311,
    -2661430.9043351114,
    -2660238.7276245737,
    -2657782.243746982,
    -2645966.25471576,
    -2601635.827429639,
    -2564018.377163638,
    -2551656.299779319,
    -2550128.0671847635,
    -2549865.9832928553,
    -2549787.2371374737,
    -2549753.938100091,
    -2549736.58001476,
    -2549726.246126565,
    -2549719.5058956565,
    -2549714.787743463,
    -2549711.278669375,
    -2549708.521716643,
    -2549706.2444952596
   ],
   "elbo_tail": [
    -2549719.5058956565,
    -2549714.787743463,
    -2549711.278669375,
    -2549708.521716643,
    -2549706.2444952596
   ],
   "elbo_dips": 0,
   "path": "cavi",
   "iters": 51
  },
  {
   "tile": 1,
   "grid_index": [
    1,
    0
   ],
   "n_points": 639446,
   "weighted_points": 500824.75,
   "alpha_t": 0.250412375,
   "seconds": 34.96490029199049,
   "khat_count": 10,
   "khat_entropy": 6.5642324915603005,
   "elbo_trace": [
    -3358531.1623270577,
    -3201366.258610337,
    -3131105.5542528485,
    -3053630.2297465317,
    -2959701.16396498,
    -2839859.3865885627,
    -2746811.2430170644,
    -2683012.2162936544,
    -2625479.892486084,
    -2577831.4316713326,
    -2546385.3765760385,
    -2523300.1094681537,
    -2507864.3025978217,
    -2496409.92533376,
    -2489639.0762552344,
    -2485455.191994356,
    -2482484.5630307468,
    -2479889.1470000357,
    -2474707.593809854,
    -2468663.4906296385,
    -2466586.69278284,
    -2465242.526685718,
    -2464017.3222348182,
    -2462905.3184458846,
    -2461676.608957262,
    -2459786.0794089944,
    -2457960.694213777,
    -2456335.1139142243,
    -2454772.1783388006,
    -2453228.8212134265,
    -2451821.184876531,
    -2450733.145579576,
    -2449974.1062752935,
    -2449437.6300206175,
    -2449057.667585623,
    -2448792.1515169414,
    -2448609.4528069817,
    -2448483.358013301,
    -2448395.1962316716,
    -2448332.2385135526,
    -2448287.410560957,
    -2448255.926698952,
    -2448234.064598415,
    -2448218.8577933707,
    -2448208.1762207276,
    -2448200.6138191195,
    -2448195.2306726812,
    -2448191.385221848,
    -2448188.6326374975,
    -2448186.6606161515
   ],
   "elbo_tail": [
    -2448200.6138191195,
    -2448195.2306726812,
    -2448191.385221848,
    -2448188.6326374975,
    -2448186.6606161515
   ],
   "elbo_dips": 0,
   "path": "cavi",
   "iters": 50
  },
  {
   "tile": 2,
   "grid_index": [
    0,
    1
   ],
   "n_points": 486867,
   "weighted_points": 406844.75,
   "alpha_t": 0.203422375,
   "seconds": 35.63779458310455,
   "khat_count": 7,
   "khat_entropy": 5.35203668158224,
   "elbo_trace": [
    -3152025.9178818236,
    -2967198.8087545075,
    -2879223.4597829636,
    -2810103.944140586,
    -2756240.3768574065,
    -2706495.198731099,
    -2651464.062298082,
    -2568795.6052031103,
    -2520351.6847331654,
    -2497956.012521263,
    -2454536.203648219,
    -2426003.7194416383,
    -2411535.212138603,
    -2401081.5472198194,
    -2395142.509778963,
    -2392228.5082041547,
    -2390535.913499772,
    -2388970.0853825887,
    -2386964.7122692293,
    -2384603.0208257246,
    -2382235.8404366793,
    -2379542.2921025953,
    -2376253.748447926,
    -2372449.917303139,
    -2368521.3454708722,
    -2365478.2837364473,
    -2363927.0222845934,
    -2363092.0729636694,
    -2362545.4591715047,
    -2362164.3691011383,
    -2361891.9943318013,
    -2361692.84288205,
    -2361543.367952374,
    -2361427.657192085,
    -2361334.9367634896,
    -2361257.9116117796,
    -2361191.565704482,
    -2361132.305103029,
    -2361077.363210561,
    -2361024.3622901416,
    -2360970.910638885,
    -2360914.101543586,
    -2360849.7040811186,
    -2360770.6013984,
    -2360663.3260990134,
    -2360498.8674615067,
    -2360201.4620335554,
    -2359510.6052165306,
    -2357117.386636521,
    -2347807.788940582,
    -2342815.248072586,
    -2342406.8215233106,
    -2342141.4495835477,
    -2341819.716608519,
    -2341439.7528926805,
    -2341104.9243355105,
    -2340876.5400232812,
    -2340698.9879470295,
    -2340500.121490699,
    -2340211.337029052,
    -2339834.813590785,
    -2339618.726133748,
    -2339577.317999378,
    -2339572.0706826625,
    -2339571.229692748
   ],
   "elbo_tail": [
    -2339834.813590785,
    -2339618.726133748,
    -2339577.317999378,
    -2339572.0706826625,
    -2339571.229692748
   ],
   "elbo_dips": 0,
   "path": "cavi",
   "iters": 65
  },
  {
   "tile": 3,
   "grid_index": [
    1,
    1
   ],
   "n_points": 591803,
   "weighted_points": 455141.25,
   "alpha_t": 0.227570625,
   "seconds": 80.90947108436376,
   "khat_count": 8,
   "khat_entropy": 5.893178653543575,